date,symbol,direction,entry_price,exit_price,return,win,score,technical_score,seasonal_score,period
2023-04-04 04:00:00+00:00,NEM,LONG,51.35,52.07,1.4021421616358303,True,0,0.6817344206426486,0.5,Q2 2023
2023-04-04 04:00:00+00:00,EOG,LONG,119.62,120.37,0.6269854539374686,True,0,0.6513002578698001,0.5,Q2 2023
2023-04-04 04:00:00+00:00,XLE,LONG,85.01,86.29,1.5057052111516305,True,0,0.645717214624556,0.5,Q2 2023
2023-04-04 04:00:00+00:00,FDX,LONG,226.49,229.93,1.5188308534593127,True,0,0.6345130340180809,0.5,Q2 2023
2023-04-04 04:00:00+00:00,CVX,LONG,169.04,169.88,0.49692380501656613,True,0,0.630643440327289,0.5,Q2 2023
2023-04-04 04:00:00+00:00,CAT,NEUTRAL,217.45,213.53,1.8027132674177917,True,0,0.6285500354214179,0.5,Q2 2023
2023-04-04 04:00:00+00:00,SO,LONG,69.63,71.5,2.6856240126382374,True,0,0.6128694610021035,0.5,Q2 2023
2023-04-04 04:00:00+00:00,LIN,LONG,357.8,355.61,-0.6120737842370032,False,0,0.6086120542063517,0.5,Q2 2023
2023-04-04 04:00:00+00:00,NVDA,LONG,274.53,268.81,-2.083560995155346,False,0,0.6499204114006384,0.395,Q2 2023
2023-04-04 04:00:00+00:00,QQQ,LONG,319.07,315.92,-0.9872441783934489,False,0,0.5996870846993367,0.5,Q2 2023
2023-04-05 04:00:00+00:00,FDX,LONG,229.93,232.1,0.9437654938459477,True,0,0.7002089533460494,0.5,Q2 2023
2023-04-05 04:00:00+00:00,NEM,LONG,52.07,52.05,-0.038409832917232815,False,0,0.6642513236075407,0.5,Q2 2023
2023-04-05 04:00:00+00:00,EOG,LONG,120.37,119.37,-0.8307717869901138,False,0,0.6466890563926824,0.5,Q2 2023
2023-04-05 04:00:00+00:00,XLE,LONG,86.29,84.98,-1.5181365163981946,False,0,0.6321268122484895,0.5,Q2 2023
2023-04-05 04:00:00+00:00,SO,LONG,71.5,72.31,1.132867132867136,True,0,0.6268005727263855,0.5,Q2 2023
2023-04-05 04:00:00+00:00,CVX,LONG,169.88,167.65,-1.3126913115140038,False,0,0.6200780071791809,0.5,Q2 2023
2023-04-05 04:00:00+00:00,AMZN,LONG,101.1,102.06,0.9495548961424412,True,0,0.6138609527442249,0.5,Q2 2023
2023-04-05 04:00:00+00:00,CAT,NEUTRAL,213.53,209.17,2.04186765325716,True,0,0.5880327524690476,0.5,Q2 2023
2023-04-05 04:00:00+00:00,AMD,SHORT,92.56,92.47,0.09723422644771328,True,0,0.5581332738343985,0.395,Q2 2023
2023-04-05 04:00:00+00:00,NVDA,SHORT,268.81,270.37,-0.580335552992821,False,0,0.551970996912401,0.395,Q2 2023
2023-04-06 04:00:00+00:00,FDX,LONG,232.1,231.6,-0.2154243860404998,False,0,0.6411909443700136,0.5,Q2 2023
2023-04-06 04:00:00+00:00,EOG,LONG,119.37,120.37,0.8377314233056882,True,0,0.639734251120665,0.5,Q2 2023
2023-04-06 04:00:00+00:00,NEM,LONG,52.05,51.09,-1.8443804034582012,False,0,0.6378991521179813,0.5,Q2 2023
2023-04-06 04:00:00+00:00,XLE,LONG,84.98,85.66,0.8001882795951901,True,0,0.6252993416799596,0.5,Q2 2023
2023-04-06 04:00:00+00:00,SO,LONG,72.31,72.04,-0.37339233854238146,False,0,0.6192664339945745,0.5,Q2 2023
2023-04-06 04:00:00+00:00,CVX,LONG,167.65,168.29,0.38174768863703334,True,0,0.6145565112792208,0.5,Q2 2023
2023-04-06 04:00:00+00:00,GOOGL,LONG,108.42,106.44,-1.8262313226342042,False,0,0.6427267596982231,0.395,Q2 2023
2023-04-06 04:00:00+00:00,AMZN,LONG,102.06,102.17,0.10777973740936649,True,0,0.5913437011679077,0.5,Q2 2023
2023-04-06 04:00:00+00:00,CAT,SHORT,209.17,215.53,-3.0405889945977025,False,0,0.5062363274835473,0.5,Q2 2023
2023-04-06 04:00:00+00:00,DE,SHORT,369.65,377.33,-2.0776410117678905,False,0,0.5018391583447858,0.5,Q2 2023
2023-04-10 04:00:00+00:00,NEM,LONG,51.09,49.92,-2.2900763358778655,False,0,0.6393846268160678,0.5,Q2 2023
2023-04-10 04:00:00+00:00,FDX,LONG,231.6,231.53,-0.03022452504317495,False,0,0.6103359922605216,0.5,Q2 2023
2023-04-10 04:00:00+00:00,SO,LONG,72.04,71.83,-0.2915047196002331,False,0,0.60872019551759,0.5,Q2 2023
2023-04-10 04:00:00+00:00,CAT,NEUTRAL,215.53,220.6,-2.352340741428104,False,0,0.5962693463259753,0.5,Q2 2023
2023-04-10 04:00:00+00:00,VLO,LONG,135.1,136.71,1.1917098445595957,True,0,0.5951130248895338,0.5,Q2 2023
2023-04-10 04:00:00+00:00,GOOGL,LONG,106.44,105.35,-1.0240511086057904,False,0,0.6353637996985303,0.395,Q2 2023
2023-04-10 04:00:00+00:00,EOG,NEUTRAL,120.37,121.68,-1.088311040957051,False,0,0.590098366830389,0.5,Q2 2023
2023-04-10 04:00:00+00:00,AMZN,LONG,102.17,99.92,-2.2022119996084957,False,0,0.5729559491921674,0.5,Q2 2023
2023-04-10 04:00:00+00:00,DE,SHORT,377.33,380.83,-0.9275700315373812,False,0,0.49331047467193745,0.5,Q2 2023
2023-04-10 04:00:00+00:00,TSLA,SHORT,184.51,186.79,-1.235705381822124,False,0,0.45013001818692455,0.5,Q2 2023
2023-04-11 04:00:00+00:00,EOG,LONG,121.68,122.31,0.517751479289937,True,0,0.6275693857424627,0.5,Q2 2023
2023-04-11 04:00:00+00:00,CAT,NEUTRAL,220.6,220.5,0.04533091568449425,True,0,0.6194638664491072,0.5,Q2 2023
2023-04-11 04:00:00+00:00,XLE,LONG,86.47,86.53,0.06938822713079944,True,0,0.6160095331320029,0.5,Q2 2023
2023-04-11 04:00:00+00:00,AMZN,LONG,99.92,97.83,-2.09167333867094,False,0,0.6144082012369052,0.5,Q2 2023
2023-04-11 04:00:00+00:00,NEM,NEUTRAL,49.92,49.71,0.42067307692307865,True,0,0.6099198355514467,0.5,Q2 2023
2023-04-11 04:00:00+00:00,FDX,LONG,231.53,229.47,-0.889733511855916,False,0,0.6076199336793802,0.5,Q2 2023
2023-04-11 04:00:00+00:00,CVX,LONG,169.22,169.82,0.3545680179647762,True,0,0.6067468904786913,0.5,Q2 2023
2023-04-11 04:00:00+00:00,SO,LONG,71.83,72.12,0.4037310316024032,True,0,0.5964594080279507,0.5,Q2 2023
2023-04-11 04:00:00+00:00,DE,SHORT,380.83,384.39,-0.9348003045978527,False,0,0.4943330170185481,0.5,Q2 2023
2023-04-11 04:00:00+00:00,AMD,SHORT,94.03,92.33,1.8079336382005773,True,0,0.5305425913699641,0.395,Q2 2023
2023-04-12 04:00:00+00:00,EOG,LONG,122.31,121.29,-0.8339465293107645,False,0,0.6292695741274184,0.5,Q2 2023
2023-04-12 04:00:00+00:00,CAT,LONG,220.5,221.67,0.5306122448979534,True,0,0.6074894993058639,0.5,Q2 2023
2023-04-12 04:00:00+00:00,CVX,LONG,169.82,172.09,1.3367094570722002,True,0,0.6025278931819413,0.5,Q2 2023
2023-04-12 04:00:00+00:00,XLE,LONG,86.53,87.07,0.6240610192996556,True,0,0.6013726418069114,0.5,Q2 2023
2023-04-12 04:00:00+00:00,NEM,NEUTRAL,49.71,51.02,-2.635284650975663,False,0,0.597807384417013,0.5,Q2 2023
2023-04-12 04:00:00+00:00,LIN,LONG,359.35,361.96,0.7263113955753323,True,0,0.5941241763754717,0.5,Q2 2023
2023-04-12 04:00:00+00:00,NVDA,NEUTRAL,264.95,264.63,0.12077750518965585,True,0,0.6172844169160907,0.395,Q2 2023
2023-04-12 04:00:00+00:00,FDX,NEUTRAL,229.47,231.07,-0.6972589009456549,False,0,0.5630177070736564,0.5,Q2 2023
2023-04-12 04:00:00+00:00,AMD,SHORT,92.33,92.09,0.2599371818477146,True,0,0.5348894187700526,0.395,Q2 2023
2023-04-12 04:00:00+00:00,TSLA,SHORT,180.54,185.9,-2.9688711642849306,False,0,0.4734974643098894,0.5,Q2 2023
2023-04-13 04:00:00+00:00,NEM,NEUTRAL,51.02,49.52,2.940023520188161,True,0,0.6103860866646423,0.5,Q2 2023
2023-04-13 04:00:00+00:00,CAT,LONG,221.67,223.68,0.9067532819055439,True,0,0.6100587196115955,0.5,Q2 2023
2023-04-13 04:00:00+00:00,EOG,LONG,121.29,121.61,0.26383048891086913,True,0,0.6099459104732536,0.5,Q2 2023
2023-04-13 04:00:00+00:00,SO,LONG,72.46,71.94,-0.7176373171404858,False,0,0.6063418051594855,0.5,Q2 2023
2023-04-13 04:00:00+00:00,LIN,LONG,361.96,359.67,-0.6326665929936909,False,0,0.5970991409459269,0.5,Q2 2023
2023-04-13 04:00:00+00:00,CVX,LONG,172.09,172.44,0.20338195130454664,True,0,0.5961620178864253,0.5,Q2 2023
2023-04-13 04:00:00+00:00,XLE,LONG,87.07,87.23,0.18376019294821502,True,0,0.5844815593436312,0.5,Q2 2023
2023-04-13 04:00:00+00:00,AMZN,LONG,102.4,102.51,0.10742187499999944,True,0,0.5607319528987523,0.5,Q2 2023
2023-04-13 04:00:00+00:00,NVDA,SHORT,264.63,267.58,-1.1147640101273433,False,0,0.5683181382279551,0.395,Q2 2023
2023-04-13 04:00:00+00:00,AMD,SHORT,92.09,91.75,0.3692040395265538,True,0,0.5095275933280919,0.395,Q2 2023
2023-04-14 04:00:00+00:00,NEM,NEUTRAL,49.52,48.47,2.1203554119547743,True,0,0.6422085778592409,0.5,Q2 2023
2023-04-14 04:00:00+00:00,GOOGL,LONG,108.87,105.97,-2.6637273812804314,False,0,0.644654089907196,0.395,Q2 2023
2023-04-14 04:00:00+00:00,SO,LONG,71.94,72.34,0.5560189046427658,True,0,0.5940193586458891,0.5,Q2 2023
2023-04-14 04:00:00+00:00,EOG,LONG,121.61,120.78,-0.6825096620343708,False,0,0.5903034484009656,0.5,Q2 2023
2023-04-14 04:00:00+00:00,AMZN,LONG,102.51,102.74,0.22436835430688687,True,0,0.5827824686303354,0.5,Q2 2023
2023-04-14 04:00:00+00:00,LIN,LONG,359.67,362.35,0.745127477965915,True,0,0.5802247893758842,0.5,Q2 2023
2023-04-14 04:00:00+00:00,CAT,LONG,223.68,225.24,0.6974248927038637,True,0,0.5756620926970154,0.5,Q2 2023
2023-04-14 04:00:00+00:00,CVX,LONG,172.44,170.92,-0.8814660171653967,False,0,0.5742817322447639,0.5,Q2 2023
2023-04-14 04:00:00+00:00,NVDA,SHORT,267.58,270.02,-0.911876821885043,False,0,0.5461358266996941,0.395,Q2 2023
2023-04-14 04:00:00+00:00,AMD,SHORT,91.75,89.87,2.0490463215258807,True,0,0.5112202798860703,0.395,Q2 2023
2023-04-17 04:00:00+00:00,GOOGL,LONG,105.97,104.5,-1.387185052373312,False,0,0.6601539736739189,0.395,Q2 2023
2023-04-17 04:00:00+00:00,CVX,LONG,170.92,170.52,-0.23402761525858723,False,0,0.5935849018142965,0.5,Q2 2023
2023-04-17 04:00:00+00:00,SO,LONG,72.34,72.58,0.3317666574509191,True,0,0.5919695817415231,0.5,Q2 2023
2023-04-17 04:00:00+00:00,LIN,LONG,362.35,364.87,0.6954601904236185,True,0,0.5817971161034521,0.5,Q2 2023
2023-04-17 04:00:00+00:00,AMZN,LONG,102.74,102.3,-0.42826552462526546,False,0,0.5751473718013974,0.5,Q2 2023
2023-04-17 04:00:00+00:00,DE,LONG,391.42,396.69,1.3463798477338873,True,0,0.5739566710174075,0.5,Q2 2023
2023-04-17 04:00:00+00:00,LMT,LONG,489.64,501.41,2.4038068785230045,True,0,0.5681611076766113,0.5,Q2 2023
2023-04-17 04:00:00+00:00,AAPL,LONG,165.23,166.47,0.7504690431519755,True,0,0.609470379360431,0.395,Q2 2023
2023-04-17 04:00:00+00:00,NEM,SHORT,48.47,48.86,-0.8046214153084393,False,0,0.536599886037553,0.5,Q2 2023
2023-04-17 04:00:00+00:00,AMD,SHORT,89.87,89.78,0.10014465338823123,True,0,0.5215876556166543,0.395,Q2 2023
2023-04-18 04:00:00+00:00,LMT,LONG,501.41,495.16,-1.2464849125466184,False,0,0.6163028608706179,0.5,Q2 2023
2023-04-18 04:00:00+00:00,SO,LONG,72.58,72.81,0.31689170570405617,True,0,0.5951468091707677,0.5,Q2 2023
2023-04-18 04:00:00+00:00,AMZN,LONG,102.3,104.3,1.9550342130987293,True,0,0.5713515926801487,0.5,Q2 2023
2023-04-18 04:00:00+00:00,LIN,LONG,364.87,365.31,0.12059089538739762,True,0,0.5701715216539758,0.5,Q2 2023
2023-04-18 04:00:00+00:00,DE,LONG,396.69,392.77,-0.9881771660490599,False,0,0.5694374335631561,0.5,Q2 2023
2023-04-18 04:00:00+00:00,CAT,LONG,225.2,224.65,-0.24422735346358035,False,0,0.5691388490814075,0.5,Q2 2023
2023-04-18 04:00:00+00:00,AAPL,LONG,166.47,167.63,0.6968222502552992,True,0,0.6102654929809077,0.395,Q2 2023
2023-04-18 04:00:00+00:00,NVDA,NEUTRAL,276.67,279.31,-0.9542053710196212,False,0,0.6099441951746774,0.395,Q2 2023
2023-04-18 04:00:00+00:00,NEM,SHORT,48.86,48.26,1.2279983626688526,True,0,0.5583234605159089,0.5,Q2 2023
2023-04-18 04:00:00+00:00,AMD,SHORT,89.78,89.94,-0.17821341055914078,False,0,0.5143458466385324,0.395,Q2 2023
2023-04-19 04:00:00+00:00,CCI,LONG,133.55,126.93,-4.956944964432799,False,0,0.6052158164118142,0.5,Q2 2023
2023-04-19 04:00:00+00:00,AMZN,LONG,104.3,103.81,-0.4697986577181159,False,0,0.6013056436642049,0.5,Q2 2023
2023-04-19 04:00:00+00:00,SO,LONG,72.81,73.02,0.28842192006591644,True,0,0.5910500014828777,0.5,Q2 2023
2023-04-19 04:00:00+00:00,LIN,LONG,365.31,367.35,0.5584298267225152,True,0,0.5702949927798978,0.5,Q2 2023
2023-04-19 04:00:00+00:00,LMT,LONG,495.16,490.6,-0.9209144518943377,False,0,0.5650419553836248,0.5,Q2 2023
2023-04-19 04:00:00+00:00,DE,LONG,392.77,390.36,-0.6135906510171266,False,0,0.5533532869048301,0.5,Q2 2023
2023-04-19 04:00:00+00:00,NEM,SHORT,48.26,47.88,0.7874015748031402,True,0,0.5515969012756702,0.5,Q2 2023
2023-04-19 04:00:00+00:00,CVX,NEUTRAL,170.68,169.85,0.4862901335833211,True,0,0.5458045820959696,0.5,Q2 2023
2023-04-19 04:00:00+00:00,AAPL,LONG,167.63,166.65,-0.5846208912485771,False,0,0.5871736692161621,0.395,Q2 2023
2023-04-19 04:00:00+00:00,VLO,SHORT,124.4,122.95,1.1655948553054685,True,0,0.490285623594919,0.5,Q2 2023
2023-04-20 04:00:00+00:00,AMZN,LONG,103.81,106.96,3.0343897505057233,True,0,0.610964417899802,0.5,Q2 2023
2023-04-20 04:00:00+00:00,SO,LONG,73.02,73.61,0.8079978088195062,True,0,0.6002473058836163,0.5,Q2 2023
2023-04-20 04:00:00+00:00,LMT,LONG,490.6,482.55,-1.640847941296374,False,0,0.5645729702128816,0.5,Q2 2023
2023-04-20 04:00:00+00:00,LIN,LONG,367.35,366.21,-0.31033074724378473,False,0,0.5635796462080991,0.5,Q2 2023
2023-04-20 04:00:00+00:00,AAPL,LONG,166.65,165.02,-0.9780978097809753,False,0,0.6015184924392973,0.395,Q2 2023
2023-04-20 04:00:00+00:00,EOG,NEUTRAL,118.26,117.31,0.8033147302553719,True,0,0.5457756194833208,0.5,Q2 2023
2023-04-20 04:00:00+00:00,DE,NEUTRAL,390.36,386.7,0.9375960651706181,True,0,0.5435236497327048,0.5,Q2 2023
2023-04-20 04:00:00+00:00,CVX,NEUTRAL,169.85,169.12,0.42979099205180443,True,0,0.5384845997626053,0.5,Q2 2023
2023-04-20 04:00:00+00:00,NEM,SHORT,47.88,47.62,0.5430242272347642,True,0,0.5371964512420604,0.5,Q2 2023
2023-04-20 04:00:00+00:00,CCI,SHORT,126.93,125.97,0.7563223824155109,True,0,0.5269549766673025,0.5,Q2 2023
2023-04-21 04:00:00+00:00,AMZN,LONG,106.96,106.21,-0.7011967090501122,False,0,0.648747167686568,0.5,Q2 2023
2023-04-21 04:00:00+00:00,SO,LONG,73.61,74.1,0.6656704252139586,True,0,0.5944971539590225,0.5,Q2 2023
2023-04-21 04:00:00+00:00,LIN,LONG,366.21,368.01,0.4915212582944244,True,0,0.5748671203402096,0.5,Q2 2023
2023-04-21 04:00:00+00:00,GOOGL,NEUTRAL,105.41,105.97,-0.531258893843091,False,0,0.5997787050609238,0.395,Q2 2023
2023-04-21 04:00:00+00:00,FDX,NEUTRAL,230.44,232.16,-0.7463981947578541,False,0,0.5541382349845303,0.5,Q2 2023
2023-04-21 04:00:00+00:00,VLO,SHORT,119.63,120.0,-0.3092869681518052,False,0,0.5484120628984422,0.5,Q2 2023
2023-04-21 04:00:00+00:00,CVX,NEUTRAL,169.12,171.48,-1.3954588457899628,False,0,0.5455884259786712,0.5,Q2 2023
2023-04-21 04:00:00+00:00,NEM,SHORT,47.62,48.02,-0.8399832003360053,False,0,0.5398178037851197,0.5,Q2 2023
2023-04-21 04:00:00+00:00,DE,NEUTRAL,386.7,388.04,-0.3465218515645285,False,0,0.5340833505780367,0.5,Q2 2023
2023-04-21 04:00:00+00:00,AMD,NEUTRAL,88.43,87.57,0.9725206377926198,True,0,0.5775797109639534,0.395,Q2 2023
2023-04-24 04:00:00+00:00,AMZN,LONG,106.21,102.57,-3.4271725826193395,False,0,0.6596348456544264,0.5,Q2 2023
2023-04-24 04:00:00+00:00,SO,LONG,74.1,73.98,-0.16194331983804364,False,0,0.5862516967017379,0.5,Q2 2023
2023-04-24 04:00:00+00:00,EOG,NEUTRAL,119.18,116.67,2.106058063433466,True,0,0.5733304804587226,0.5,Q2 2023
2023-04-24 04:00:00+00:00,VLO,SHORT,120.0,117.85,1.7916666666666712,True,0,0.5700871259792137,0.5,Q2 2023
2023-04-24 04:00:00+00:00,CVX,NEUTRAL,171.48,168.99,1.452064380685783,True,0,0.563039169742507,0.5,Q2 2023
2023-04-24 04:00:00+00:00,LIN,LONG,368.01,367.06,-0.25814515909893443,False,0,0.5547390507143117,0.5,Q2 2023
2023-04-24 04:00:00+00:00,GOOGL,NEUTRAL,105.97,103.85,2.000566197980565,True,0,0.5905058425055113,0.395,Q2 2023
2023-04-24 04:00:00+00:00,XLE,NEUTRAL,86.28,84.66,1.8776077885952764,True,0,0.5441438116067806,0.5,Q2 2023
2023-04-24 04:00:00+00:00,NEM,SHORT,48.02,48.2,-0.3748438150770506,False,0,0.5277214456768884,0.5,Q2 2023
2023-04-24 04:00:00+00:00,CAT,NEUTRAL,223.43,218.63,2.1483238598218732,True,0,0.52179933386246,0.5,Q2 2023
2023-04-25 04:00:00+00:00,AMZN,NEUTRAL,102.57,104.98,-2.349614897143425,False,0,0.6236474778225295,0.5,Q2 2023
2023-04-25 04:00:00+00:00,SO,LONG,73.98,72.59,-1.8788861854555292,False,0,0.5942521601674969,0.5,Q2 2023
2023-04-25 04:00:00+00:00,NEM,NEUTRAL,48.2,47.15,2.1784232365145315,True,0,0.5890959656328211,0.5,Q2 2023
2023-04-25 04:00:00+00:00,GOOGL,NEUTRAL,103.85,103.71,0.13480982185845022,True,0,0.6162794134364089,0.395,Q2 2023
2023-04-25 04:00:00+00:00,VLO,SHORT,117.85,116.64,1.026728892660156,True,0,0.5482819057604374,0.5,Q2 2023
2023-04-25 04:00:00+00:00,CCI,SHORT,122.23,120.14,1.7098911887425374,True,0,0.517876387533709,0.5,Q2 2023
2023-04-25 04:00:00+00:00,LIN,NEUTRAL,367.06,365.0,0.561216149948238,True,0,0.5170437363851698,0.5,Q2 2023
2023-04-25 04:00:00+00:00,FDX,NEUTRAL,225.47,222.77,1.197498558566545,True,0,0.5151220601106411,0.5,Q2 2023
2023-04-25 04:00:00+00:00,NVDA,SHORT,262.41,269.56,-2.72474372165694,False,0,0.5588042559364604,0.395,Q2 2023
2023-04-25 04:00:00+00:00,MSFT,SHORT,275.42,295.37,-7.2434826809962924,False,0,0.550919538828126,0.395,Q2 2023
2023-04-26 04:00:00+00:00,AMZN,NEUTRAL,104.98,109.82,-4.610401981329767,False,0,0.5982526378856329,0.5,Q2 2023
2023-04-26 04:00:00+00:00,NEM,NEUTRAL,47.15,48.27,-2.375397667020158,False,0,0.5919791809984023,0.5,Q2 2023
2023-04-26 04:00:00+00:00,VLO,SHORT,116.64,114.64,1.7146776406035666,True,0,0.5771299037209187,0.5,Q2 2023
2023-04-26 04:00:00+00:00,TSLA,SHORT,153.75,160.19,-4.18861788617886,False,0,0.5547272077490368,0.5,Q2 2023
2023-04-26 04:00:00+00:00,MSFT,NEUTRAL,295.37,304.83,-3.2027626366929547,False,0,0.5711880262757323,0.395,Q2 2023
2023-04-26 04:00:00+00:00,CCI,SHORT,120.14,122.97,-2.3555851506575647,False,0,0.5216347845645504,0.5,Q2 2023
2023-04-26 04:00:00+00:00,LIN,NEUTRAL,365.0,365.64,-0.1753424657534209,False,0,0.5192015701800023,0.5,Q2 2023
2023-04-26 04:00:00+00:00,GOOGL,SHORT,103.71,107.59,-3.741201427056224,False,0,0.5630840778908714,0.395,Q2 2023
2023-04-26 04:00:00+00:00,SO,SHORT,72.59,73.51,-1.2673922027827547,False,0,0.4894198418753622,0.5,Q2 2023
2023-04-26 04:00:00+00:00,CVX,SHORT,165.98,166.95,-0.5844077599710802,False,0,0.47738065463957247,0.5,Q2 2023
2023-04-27 04:00:00+00:00,AMZN,LONG,109.82,105.45,-3.979238754325251,False,0,0.6947313729973901,0.5,Q2 2023
2023-04-27 04:00:00+00:00,MSFT,LONG,304.83,307.26,0.797165633303811,True,0,0.6872818316224578,0.395,Q2 2023
2023-04-27 04:00:00+00:00,VLO,SHORT,114.64,114.67,-0.026168876482903995,False,0,0.5875,0.5,Q2 2023
2023-04-27 04:00:00+00:00,NEM,NEUTRAL,48.27,47.4,1.802361715351159,True,0,0.582436390234289,0.5,Q2 2023
2023-04-27 04:00:00+00:00,TSLA,SHORT,160.19,164.31,-2.5719458143454674,False,0,0.5600116896059004,0.5,Q2 2023
2023-04-27 04:00:00+00:00,CAT,NEUTRAL,214.33,218.8,-2.085568982410301,False,0,0.5310802771756464,0.5,Q2 2023
2023-04-27 04:00:00+00:00,NVDA,NEUTRAL,272.26,277.49,-1.9209579078821784,False,0,0.574380318117329,0.395,Q2 2023
2023-04-27 04:00:00+00:00,CCI,SHORT,122.97,123.09,-0.09758477677482683,False,0,0.5263743835831971,0.5,Q2 2023
2023-04-27 04:00:00+00:00,GOOGL,NEUTRAL,107.59,107.34,0.23236360256529415,True,0,0.5700192244760298,0.395,Q2 2023
2023-04-27 04:00:00+00:00,SO,NEUTRAL,73.51,73.55,-0.05441436539245278,False,0,0.5100031397700433,0.5,Q2 2023
2023-04-28 04:00:00+00:00,AMZN,LONG,105.45,102.05,-3.2242769084874405,False,0,0.7126503596497682,0.5,Q2 2023
2023-04-28 04:00:00+00:00,MSFT,LONG,307.26,305.56,-0.5532773546833264,False,0,0.6831346099056996,0.395,Q2 2023
2023-04-28 04:00:00+00:00,CCI,NEUTRAL,123.09,122.04,0.8530343650987059,True,0,0.5861166109551488,0.5,Q2 2023
2023-04-28 04:00:00+00:00,VLO,SHORT,114.67,115.41,-0.6453300776140184,False,0,0.556201352397811,0.5,Q2 2023
2023-04-28 04:00:00+00:00,SO,NEUTRAL,73.55,74.09,-0.7341944255608515,False,0,0.5516070364336808,0.5,Q2 2023
2023-04-28 04:00:00+00:00,TSLA,SHORT,164.31,161.83,1.509342097255182,True,0,0.5497021159885488,0.5,Q2 2023
2023-04-28 04:00:00+00:00,AMD,NEUTRAL,89.37,89.69,-0.3580619894819214,False,0,0.5929946022115252,0.395,Q2 2023
2023-04-28 04:00:00+00:00,NEM,SHORT,47.4,46.93,0.9915611814345968,True,0,0.5378668016960871,0.5,Q2 2023
2023-04-28 04:00:00+00:00,EOG,NEUTRAL,119.47,118.64,0.6947350799363843,True,0,0.5276474351913336,0.5,Q2 2023
2023-04-28 04:00:00+00:00,NVDA,NEUTRAL,277.49,289.1,-4.183934556200229,False,0,0.5689950647487207,0.395,Q2 2023
2023-05-01 04:00:00+00:00,NVDA,NEUTRAL,289.1,282.1,2.4213075060532687,True,0,0.6313378419306497,0.395,Q2 2023
2023-05-01 04:00:00+00:00,CCI,NEUTRAL,122.04,118.52,2.884300229432981,True,0,0.5855180867238102,0.5,Q2 2023
2023-05-01 04:00:00+00:00,MSFT,LONG,305.56,305.41,-0.04909019505170089,False,0,0.6252158965463777,0.395,Q2 2023
2023-05-01 04:00:00+00:00,TSLA,NEUTRAL,161.83,160.31,0.9392572452573751,True,0,0.6023364984401612,0.395,Q2 2023
2023-05-01 04:00:00+00:00,AMD,NEUTRAL,89.69,89.91,-0.24528932991414748,False,0,0.5973765129919489,0.395,Q2 2023
2023-05-01 04:00:00+00:00,VLO,SHORT,115.41,110.78,4.011784074170345,True,0,0.5456349918194567,0.5,Q2 2023
2023-05-01 04:00:00+00:00,AMZN,NEUTRAL,102.05,103.63,-1.5482606565409098,False,0,0.5787648500045128,0.395,Q2 2023
2023-05-01 04:00:00+00:00,SO,NEUTRAL,74.09,73.15,1.268727223646913,True,0,0.5310953198512052,0.5,Q2 2023
2023-05-01 04:00:00+00:00,LIN,LONG,372.31,370.04,-0.6097069646262474,False,0,0.5294112630811172,0.5,Q2 2023
2023-05-01 04:00:00+00:00,NEM,SHORT,46.93,48.06,-2.407841466013217,False,0,0.46556495007296794,0.5,Q2 2023
2023-05-02 04:00:00+00:00,MSFT,LONG,305.41,304.4,-0.33070298942406856,False,0,0.6312006454241206,0.395,Q2 2023
2023-05-02 04:00:00+00:00,NVDA,NEUTRAL,282.1,278.02,1.4462956398440414,True,0,0.6167878896205358,0.395,Q2 2023
2023-05-02 04:00:00+00:00,DE,LONG,383.8,382.22,-0.41167274622198646,False,0,0.5633893403261125,0.5,Q2 2023
2023-05-02 04:00:00+00:00,VLO,SHORT,110.78,107.06,3.358006860444122,True,0,0.5633110568721046,0.5,Q2 2023
2023-05-02 04:00:00+00:00,TSLA,NEUTRAL,160.31,160.61,-0.18713742124634233,False,0,0.6065654765072399,0.395,Q2 2023
2023-05-02 04:00:00+00:00,CCI,SHORT,118.52,117.86,0.5568680391495078,True,0,0.5552565091550377,0.5,Q2 2023
2023-05-02 04:00:00+00:00,NEE,NEUTRAL,75.94,75.39,0.7242559915722901,True,0,0.5523367007830438,0.5,Q2 2023
2023-05-02 04:00:00+00:00,AMD,NEUTRAL,89.91,81.62,9.220331442553656,True,0,0.5956607372135748,0.395,Q2 2023
2023-05-02 04:00:00+00:00,SO,NEUTRAL,73.15,73.33,-0.24606971975392017,False,0,0.5372603351081202,0.5,Q2 2023
2023-05-02 04:00:00+00:00,LIN,LONG,370.04,363.5,-1.7673764998378607,False,0,0.5370845221913005,0.5,Q2 2023
2023-05-03 04:00:00+00:00,NVDA,NEUTRAL,278.02,275.62,0.8632472483993877,True,0,0.6238471418248848,0.395,Q2 2023
2023-05-03 04:00:00+00:00,VLO,SHORT,107.06,104.31,2.5686530917242667,True,0,0.5688716383083823,0.5,Q2 2023
2023-05-03 04:00:00+00:00,AMD,NEUTRAL,81.62,86.61,-6.1136976231315785,False,0,0.6100447246080809,0.395,Q2 2023
2023-05-03 04:00:00+00:00,CCI,SHORT,117.86,117.6,0.22060071270999926,True,0,0.5600382461556792,0.5,Q2 2023
2023-05-03 04:00:00+00:00,MSFT,NEUTRAL,304.4,305.41,-0.33180026281210506,False,0,0.5866366172809104,0.395,Q2 2023
2023-05-03 04:00:00+00:00,NEM,SHORT,47.49,49.41,-4.042956411876173,False,0,0.5245821363703016,0.5,Q2 2023
2023-05-03 04:00:00+00:00,EOG,SHORT,111.02,111.31,-0.2612141956404308,False,0,0.5203072792123692,0.5,Q2 2023
2023-05-03 04:00:00+00:00,AMZN,NEUTRAL,103.65,104.0,-0.3376748673420109,False,0,0.5635981597911208,0.395,Q2 2023
2023-05-03 04:00:00+00:00,DE,NEUTRAL,382.22,373.59,2.2578619643137596,True,0,0.5155279614532065,0.5,Q2 2023
2023-05-03 04:00:00+00:00,TSLA,SHORT,160.61,161.2,-0.36734948010707613,False,0,0.5588958467163678,0.395,Q2 2023
2023-05-04 04:00:00+00:00,NEM,NEUTRAL,49.41,48.72,1.396478445658769,True,0,0.6033731952500675,0.5,Q2 2023
2023-05-04 04:00:00+00:00,CCI,SHORT,117.6,118.5,-0.7653061224489844,False,0,0.5757162093293031,0.5,Q2 2023
2023-05-04 04:00:00+00:00,VLO,SHORT,104.31,107.04,-2.617198734541275,False,0,0.5734036023511571,0.5,Q2 2023
2023-05-04 04:00:00+00:00,AMZN,NEUTRAL,104.0,105.655,-1.591346153846155,False,0,0.5998630354722847,0.395,Q2 2023
2023-05-04 04:00:00+00:00,DE,NEUTRAL,373.59,381.09,-2.0075483819160045,False,0,0.5474028903648085,0.5,Q2 2023
2023-05-04 04:00:00+00:00,AMD,NEUTRAL,86.61,89.84,-3.72936150559982,False,0,0.5830961413316993,0.395,Q2 2023
2023-05-04 04:00:00+00:00,MSFT,NEUTRAL,305.41,310.65,-1.7157264005762587,False,0,0.574137397030268,0.395,Q2 2023
2023-05-04 04:00:00+00:00,EOG,SHORT,111.31,114.17,-2.569400772617015,False,0,0.5259186905232333,0.5,Q2 2023
2023-05-04 04:00:00+00:00,XLE,SHORT,78.11,80.23,-2.7141211112533665,False,0,0.5088304296980479,0.5,Q2 2023
2023-05-04 04:00:00+00:00,SO,NEUTRAL,74.25,74.94,-0.9292929292929263,False,0,0.5072567120638244,0.5,Q2 2023
2023-05-05 04:00:00+00:00,TSLA,LONG,170.06,171.79,1.017288015994349,True,0,0.6655577176100418,0.395,Q2 2023
2023-05-05 04:00:00+00:00,MSFT,LONG,310.65,308.65,-0.6438113632705618,False,0,0.6330519921121227,0.395,Q2 2023
2023-05-05 04:00:00+00:00,NEM,NEUTRAL,48.72,48.29,0.8825944170771751,True,0,0.5711770303874613,0.5,Q2 2023
2023-05-05 04:00:00+00:00,AMZN,NEUTRAL,105.655,105.83,-0.1656334295584659,False,0,0.616064491393753,0.395,Q2 2023
2023-05-05 04:00:00+00:00,AMD,NEUTRAL,89.84,95.04,-5.788067675868213,False,0,0.6062726833984524,0.395,Q2 2023
2023-05-05 04:00:00+00:00,VLO,SHORT,107.04,107.38,-0.31763826606874923,False,0,0.5584992009399025,0.5,Q2 2023
2023-05-05 04:00:00+00:00,CCI,SHORT,118.5,116.37,1.797468354430376,True,0,0.5583537684246008,0.5,Q2 2023
2023-05-05 04:00:00+00:00,NVDA,NEUTRAL,286.8,291.51,-1.6422594142259341,False,0,0.5574235999466377,0.395,Q2 2023
2023-05-05 04:00:00+00:00,EOG,SHORT,114.17,114.36,-0.1664184987299621,False,0,0.5099128708261371,0.5,Q2 2023
2023-05-05 04:00:00+00:00,SO,NEUTRAL,74.94,74.57,0.49372831598612826,True,0,0.5067534037658687,0.5,Q2 2023
2023-05-08 04:00:00+00:00,NVDA,LONG,291.51,285.71,-1.9896401495660565,False,0,0.6776165135799618,0.395,Q2 2023
2023-05-08 04:00:00+00:00,AMD,LONG,95.04,95.06,0.021043771043766854,True,0,0.666366486992511,0.395,Q2 2023
2023-05-08 04:00:00+00:00,TSLA,LONG,171.79,169.15,-1.536759997671568,False,0,0.6648282907367598,0.395,Q2 2023
2023-05-08 04:00:00+00:00,NEE,NEUTRAL,76.06,75.58,0.6310807257428398,True,0,0.5830475357467244,0.5,Q2 2023
2023-05-08 04:00:00+00:00,MSFT,LONG,308.65,307.0,-0.5345861007613728,False,0,0.6239548469579002,0.395,Q2 2023
2023-05-08 04:00:00+00:00,AMZN,NEUTRAL,105.83,106.62,-0.7464802041009225,False,0,0.6014252876081345,0.395,Q2 2023
2023-05-08 04:00:00+00:00,CAT,NEUTRAL,214.79,213.49,0.6052423297173904,True,0,0.5534560751020696,0.5,Q2 2023
2023-05-08 04:00:00+00:00,CCI,SHORT,116.37,117.05,-0.5843430437397892,False,0,0.5504138371297743,0.5,Q2 2023
2023-05-08 04:00:00+00:00,VLO,SHORT,107.38,108.4,-0.9498975600670612,False,0,0.5499175427772931,0.5,Q2 2023
2023-05-08 04:00:00+00:00,AAPL,LONG,173.5,171.77,-0.9971181556195906,False,0,0.5813659841808334,0.395,Q2 2023
2023-05-09 04:00:00+00:00,NVDA,LONG,285.71,288.85,1.099016485247294,True,0,0.6746894593362999,0.395,Q2 2023
2023-05-09 04:00:00+00:00,VLO,NEUTRAL,108.4,111.01,-2.407749077490774,False,0,0.6103441997409913,0.5,Q2 2023
2023-05-09 04:00:00+00:00,TSLA,NEUTRAL,169.15,168.54,0.3606266627253997,True,0,0.629447470329614,0.395,Q2 2023
2023-05-09 04:00:00+00:00,MSFT,LONG,307.0,312.31,1.7296416938110757,True,0,0.6284030691190149,0.395,Q2 2023
2023-05-09 04:00:00+00:00,AMD,LONG,95.06,97.02,2.0618556701030863,True,0,0.6207022793812249,0.395,Q2 2023
2023-05-09 04:00:00+00:00,CAT,NEUTRAL,213.49,213.17,0.1498899245866418,True,0,0.5665171066388632,0.5,Q2 2023
2023-05-09 04:00:00+00:00,AMZN,NEUTRAL,106.62,110.19,-3.3483398987056776,False,0,0.6021702104279079,0.395,Q2 2023
2023-05-09 04:00:00+00:00,CCI,SHORT,117.05,118.95,-1.6232379325074802,False,0,0.5481759118116925,0.5,Q2 2023
2023-05-09 04:00:00+00:00,XLE,NEUTRAL,80.26,79.35,1.133815100922017,True,0,0.5415342525848444,0.5,Q2 2023
2023-05-09 04:00:00+00:00,LMT,SHORT,452.04,453.15,-0.2455534908415089,False,0,0.4853383667099038,0.5,Q2 2023
2023-05-10 04:00:00+00:00,AMZN,LONG,110.19,112.18,1.8059715037662305,True,0,0.7030744307224667,0.395,Q2 2023
2023-05-10 04:00:00+00:00,VLO,NEUTRAL,111.01,110.66,0.31528691108909873,True,0,0.6340996127353243,0.5,Q2 2023
2023-05-10 04:00:00+00:00,NVDA,LONG,288.85,285.78,-1.0628353816860134,False,0,0.6724117533556541,0.395,Q2 2023
2023-05-10 04:00:00+00:00,GOOGL,LONG,111.75,116.57,4.313199105145408,True,0,0.6601544812920801,0.395,Q2 2023
2023-05-10 04:00:00+00:00,CCI,NEUTRAL,118.95,116.69,1.8999579655317405,True,0,0.5919298334380756,0.5,Q2 2023
2023-05-10 04:00:00+00:00,AMD,LONG,97.02,97.1,0.08245722531436642,True,0,0.636318293133427,0.395,Q2 2023
2023-05-10 04:00:00+00:00,NEE,NEUTRAL,76.89,76.1,1.0274417999739969,True,0,0.5747828417424625,0.5,Q2 2023
2023-05-10 04:00:00+00:00,CAT,NEUTRAL,213.17,210.03,1.4730027677440476,True,0,0.5602625734864968,0.5,Q2 2023
2023-05-10 04:00:00+00:00,CVX,SHORT,157.09,156.22,0.5538226494366315,True,0,0.49520160482825054,0.5,Q2 2023
2023-05-10 04:00:00+00:00,NEM,SHORT,47.81,45.88,4.036812382346788,True,0,0.46031508518839526,0.5,Q2 2023
2023-05-11 04:00:00+00:00,GOOGL,LONG,116.57,117.51,0.8063824311572548,True,0,0.7002794025803547,0.395,Q2 2023
2023-05-11 04:00:00+00:00,AMZN,LONG,112.18,110.26,-1.7115350329827077,False,0,0.6876632684815133,0.395,Q2 2023
2023-05-11 04:00:00+00:00,NVDA,LONG,285.78,283.4,-0.8328084540555657,False,0,0.6751548424778709,0.395,Q2 2023
2023-05-11 04:00:00+00:00,VLO,NEUTRAL,110.66,110.52,0.12651364540032584,True,0,0.6074170352264912,0.5,Q2 2023
2023-05-11 04:00:00+00:00,CCI,NEUTRAL,116.69,116.69,0.0,False,0,0.5947105297125351,0.5,Q2 2023
2023-05-11 04:00:00+00:00,AMD,LONG,97.1,95.26,-1.8949536560247056,False,0,0.6062172653096347,0.395,Q2 2023
2023-05-11 04:00:00+00:00,QQQ,LONG,326.2,325.03,-0.35867565910484855,False,0,0.5592106779700763,0.5,Q2 2023
2023-05-11 04:00:00+00:00,MSFT,NEUTRAL,310.11,308.97,0.36761149269613563,True,0,0.5874231434346988,0.395,Q2 2023
2023-05-11 04:00:00+00:00,CAT,SHORT,210.03,209.54,0.23330000476122892,True,0,0.5081647772049499,0.5,Q2 2023
2023-05-11 04:00:00+00:00,CVX,SHORT,156.22,156.62,-0.2560491614389999,False,0,0.5071764829480176,0.5,Q2 2023
2023-05-12 04:00:00+00:00,VLO,LONG,110.52,112.91,2.1625045240680425,True,0,0.674556842894469,0.5,Q2 2023
2023-05-12 04:00:00+00:00,AMZN,LONG,110.26,111.2,0.8525303827317229,True,0,0.6740818416175522,0.395,Q2 2023
2023-05-12 04:00:00+00:00,GOOGL,LONG,117.51,116.51,-0.8509914049868096,False,0,0.6571006577739903,0.395,Q2 2023
2023-05-12 04:00:00+00:00,CCI,NEUTRAL,116.69,113.9,2.3909503813522943,True,0,0.593436240249751,0.5,Q2 2023
2023-05-12 04:00:00+00:00,NEE,NEUTRAL,77.96,77.54,0.5387378142637089,True,0,0.5892343661040353,0.5,Q2 2023
2023-05-12 04:00:00+00:00,AMD,LONG,95.26,97.4,2.2464833088389673,True,0,0.601329566525886,0.395,Q2 2023
2023-05-12 04:00:00+00:00,AAPL,LONG,172.57,172.07,-0.2897374978269688,False,0,0.5999304137858917,0.395,Q2 2023
2023-05-12 04:00:00+00:00,SO,NEUTRAL,73.35,72.42,1.2678936605316873,True,0,0.5411268834104297,0.5,Q2 2023
2023-05-12 04:00:00+00:00,LMT,NEUTRAL,450.79,451.92,-0.25067104416690594,False,0,0.5385301791980848,0.5,Q2 2023
2023-05-12 04:00:00+00:00,XLE,SHORT,78.52,78.92,-0.5094243504839604,False,0,0.5170413901439994,0.5,Q2 2023
2023-05-15 04:00:00+00:00,NEE,LONG,77.54,75.84,-2.192416817126648,False,0,0.6244709638144255,0.5,Q2 2023
2023-05-15 04:00:00+00:00,AMZN,LONG,111.2,113.4,1.978417266187053,True,0,0.6567860197700441,0.395,Q2 2023
2023-05-15 04:00:00+00:00,GOOGL,LONG,116.51,119.51,2.5748862758561497,True,0,0.6494970614570963,0.395,Q2 2023
2023-05-15 04:00:00+00:00,VLO,NEUTRAL,112.91,109.64,2.896111947568857,True,0,0.593117021099966,0.5,Q2 2023
2023-05-15 04:00:00+00:00,CCI,SHORT,113.9,111.45,2.1510096575943836,True,0,0.5499460145632953,0.5,Q2 2023
2023-05-15 04:00:00+00:00,LMT,NEUTRAL,451.92,447.73,0.9271552487165866,True,0,0.5371345231055284,0.5,Q2 2023
2023-05-15 04:00:00+00:00,AMD,LONG,97.4,101.48,4.188911704312113,True,0,0.5784443615553749,0.395,Q2 2023
2023-05-15 04:00:00+00:00,NVDA,NEUTRAL,289.53,292.13,-0.8980071149794574,False,0,0.5552807128428684,0.395,Q2 2023
2023-05-15 04:00:00+00:00,XLE,SHORT,78.92,76.98,2.4581855043081573,True,0,0.5088211960476715,0.5,Q2 2023
2023-05-15 04:00:00+00:00,CAT,SHORT,211.29,207.2,1.935728146149843,True,0,0.5062287998972629,0.5,Q2 2023
2023-05-16 04:00:00+00:00,NVDA,LONG,292.13,301.78,3.303323862663875,True,0,0.7022394199883055,0.395,Q2 2023
2023-05-16 04:00:00+00:00,AMZN,LONG,113.4,115.5,1.851851851851847,True,0,0.6664405483867999,0.395,Q2 2023
2023-05-16 04:00:00+00:00,GOOGL,LONG,119.51,120.84,1.1128775834658173,True,0,0.6583049727451262,0.395,Q2 2023
2023-05-16 04:00:00+00:00,VLO,NEUTRAL,109.64,112.1,-2.2437066763954703,False,0,0.6019463093944569,0.5,Q2 2023
2023-05-16 04:00:00+00:00,XLE,NEUTRAL,76.98,78.46,-1.922577292803312,False,0,0.5777159528321886,0.5,Q2 2023
2023-05-16 04:00:00+00:00,AMD,LONG,101.48,103.75,2.2368939692550214,True,0,0.6074130217572415,0.395,Q2 2023
2023-05-16 04:00:00+00:00,CVX,NEUTRAL,153.51,155.71,-1.4331313920917317,False,0,0.562374764177008,0.5,Q2 2023
2023-05-16 04:00:00+00:00,CCI,SHORT,111.45,114.45,-2.6917900403768504,False,0,0.5398659951964792,0.5,Q2 2023
2023-05-16 04:00:00+00:00,CAT,SHORT,207.2,212.1,-2.3648648648648676,False,0,0.5251619847399316,0.5,Q2 2023
2023-05-16 04:00:00+00:00,NEM,NEUTRAL,45.12,44.75,0.8200354609929023,True,0,0.523928972630842,0.5,Q2 2023
2023-05-17 04:00:00+00:00,VLO,NEUTRAL,112.1,111.55,0.49063336306868616,True,0,0.6285713724512876,0.5,Q2 2023
2023-05-17 04:00:00+00:00,NVDA,LONG,301.78,316.78,4.970508317317251,True,0,0.6690545268011668,0.395,Q2 2023
2023-05-17 04:00:00+00:00,AMZN,LONG,115.5,118.15,2.294372294372299,True,0,0.6602727915904152,0.395,Q2 2023
2023-05-17 04:00:00+00:00,GOOGL,LONG,120.84,122.83,1.646805693478976,True,0,0.6348035976865708,0.395,Q2 2023
2023-05-17 04:00:00+00:00,XLE,NEUTRAL,78.46,79.03,-0.7264848330359513,False,0,0.5712371822837474,0.5,Q2 2023
2023-05-17 04:00:00+00:00,CVX,NEUTRAL,155.71,154.01,1.0917731680688567,True,0,0.5590096825813516,0.5,Q2 2023
2023-05-17 04:00:00+00:00,AMD,LONG,103.75,107.93,4.028915662650609,True,0,0.6009258731671601,0.395,Q2 2023
2023-05-17 04:00:00+00:00,QQQ,LONG,331.12,337.27,1.8573326890553206,True,0,0.5512486386066989,0.5,Q2 2023
2023-05-17 04:00:00+00:00,CCI,SHORT,114.45,113.99,0.401922236784629,True,0,0.5497201282889016,0.5,Q2 2023
2023-05-17 04:00:00+00:00,SO,SHORT,70.94,71.05,-0.1550606146038898,False,0,0.526514994721856,0.5,Q2 2023
2023-05-18 04:00:00+00:00,NVDA,LONG,316.78,312.64,-1.3069006881747542,False,0,0.6848821399258611,0.395,Q2 2023
2023-05-18 04:00:00+00:00,CAT,LONG,214.72,214.78,0.02794336810730359,True,0,0.6287854658053075,0.5,Q2 2023
2023-05-18 04:00:00+00:00,LMT,LONG,455.75,454.49,-0.2764673614920441,False,0,0.6195468945444085,0.5,Q2 2023
2023-05-18 04:00:00+00:00,AMZN,LONG,118.15,116.25,-1.6081252644942916,False,0,0.6401212977656994,0.395,Q2 2023
2023-05-18 04:00:00+00:00,GOOGL,LONG,122.83,122.76,-0.05698933485304338,False,0,0.6396367003486214,0.395,Q2 2023
2023-05-18 04:00:00+00:00,MSFT,LONG,318.52,318.34,-0.05651136506342045,False,0,0.6329910438960908,0.395,Q2 2023
2023-05-18 04:00:00+00:00,QQQ,LONG,337.27,336.51,-0.2253387493699383,False,0,0.5869672341070841,0.5,Q2 2023
2023-05-18 04:00:00+00:00,VLO,NEUTRAL,111.55,111.27,0.2510085163603776,True,0,0.58487089571175,0.5,Q2 2023
2023-05-18 04:00:00+00:00,CCI,SHORT,113.99,113.08,0.7983156417229551,True,0,0.5539689213267918,0.5,Q2 2023
2023-05-18 04:00:00+00:00,NEM,SHORT,43.27,43.66,-0.9013173099144752,False,0,0.5281740774526456,0.5,Q2 2023
2023-05-19 04:00:00+00:00,NVDA,LONG,312.64,311.76,-0.2814738996929361,False,0,0.6788005227925958,0.395,Q2 2023
2023-05-19 04:00:00+00:00,EOG,NEUTRAL,114.59,113.55,0.9075835587747676,True,0,0.6195146157568343,0.5,Q2 2023
2023-05-19 04:00:00+00:00,CAT,LONG,214.78,214.26,-0.24210820374337008,False,0,0.6178269637951834,0.5,Q2 2023
2023-05-19 04:00:00+00:00,GOOGL,LONG,122.76,125.05,1.8654284783316977,True,0,0.6516495833459308,0.395,Q2 2023
2023-05-19 04:00:00+00:00,QQQ,LONG,336.51,337.64,0.335799827642565,True,0,0.5925527518403819,0.5,Q2 2023
2023-05-19 04:00:00+00:00,SO,NEUTRAL,71.41,70.95,0.6441674835457132,True,0,0.5890091875649854,0.5,Q2 2023
2023-05-19 04:00:00+00:00,AMZN,LONG,116.25,115.01,-1.0666666666666622,False,0,0.6271841818523608,0.395,Q2 2023
2023-05-19 04:00:00+00:00,VLO,NEUTRAL,111.27,112.79,-1.3660465534286064,False,0,0.5793986342738519,0.5,Q2 2023
2023-05-19 04:00:00+00:00,CVX,SHORT,155.23,152.44,1.7973329897571295,True,0,0.5320136260878726,0.5,Q2 2023
2023-05-19 04:00:00+00:00,CCI,SHORT,113.08,115.06,-1.750972762645918,False,0,0.529074377675889,0.5,Q2 2023
2023-05-22 04:00:00+00:00,NVDA,LONG,311.76,306.88,-1.5653066461380534,False,0,0.6554526292596483,0.395,Q2 2023
2023-05-22 04:00:00+00:00,GOOGL,LONG,125.05,122.56,-1.991203518592559,False,0,0.6409654356031653,0.395,Q2 2023
2023-05-22 04:00:00+00:00,AMZN,LONG,115.01,114.99,-0.0173897921919922,False,0,0.637501608441831,0.395,Q2 2023
2023-05-22 04:00:00+00:00,AMD,LONG,108.0,108.12,0.11111111111111532,True,0,0.6353698461520709,0.395,Q2 2023
2023-05-22 04:00:00+00:00,TSLA,LONG,188.87,185.77,-1.6413406046486974,False,0,0.6352829949191392,0.395,Q2 2023
2023-05-22 04:00:00+00:00,VLO,NEUTRAL,112.79,112.5,0.2571149924638764,True,0,0.5842719607832485,0.5,Q2 2023
2023-05-22 04:00:00+00:00,QQQ,LONG,337.64,333.36,-1.2676223196303675,False,0,0.5792396366062624,0.5,Q2 2023
2023-05-22 04:00:00+00:00,MSFT,LONG,321.18,315.26,-1.8432031882433575,False,0,0.5940892192018057,0.395,Q2 2023
2023-05-22 04:00:00+00:00,CVX,SHORT,152.44,156.85,-2.892941485174493,False,0,0.5455855439820392,0.5,Q2 2023
2023-05-22 04:00:00+00:00,CCI,SHORT,115.06,112.96,1.8251347123240125,True,0,0.5114595762782095,0.5,Q2 2023
2023-05-23 04:00:00+00:00,TSLA,LONG,185.77,182.9,-1.544921139042905,False,0,0.6524070510382718,0.395,Q2 2023
2023-05-23 04:00:00+00:00,AMD,LONG,108.12,108.27,0.13873473917868245,True,0,0.6444578099558645,0.395,Q2 2023
2023-05-23 04:00:00+00:00,VLO,NEUTRAL,112.5,114.79,-2.035555555555561,False,0,0.5860974493224591,0.5,Q2 2023
2023-05-23 04:00:00+00:00,NVDA,NEUTRAL,306.88,305.38,0.48879040667361834,True,0,0.6024873315896769,0.395,Q2 2023
2023-05-23 04:00:00+00:00,GOOGL,NEUTRAL,122.56,120.9,1.3544386422976473,True,0,0.5901982612947838,0.395,Q2 2023
2023-05-23 04:00:00+00:00,AMZN,NEUTRAL,114.99,116.75,-1.5305678754674363,False,0,0.5869627223107627,0.395,Q2 2023
2023-05-23 04:00:00+00:00,SO,NEUTRAL,71.15,70.85,0.4216444132115409,True,0,0.5383306166985232,0.5,Q2 2023
2023-05-23 04:00:00+00:00,QQQ,NEUTRAL,333.36,331.65,0.5129589632829483,True,0,0.527539472916674,0.5,Q2 2023
2023-05-23 04:00:00+00:00,CCI,SHORT,112.96,110.92,1.8059490084985765,True,0,0.5258622518737638,0.5,Q2 2023
2023-05-23 04:00:00+00:00,NEM,SHORT,42.49,41.81,1.600376559190397,True,0,0.5258444608121132,0.5,Q2 2023
2023-05-24 04:00:00+00:00,AMD,LONG,108.27,120.35,11.157291955296941,True,0,0.6429671641562948,0.395,Q2 2023
2023-05-24 04:00:00+00:00,NVDA,NEUTRAL,305.38,379.8,-24.369637828279526,False,0,0.6348453981965668,0.395,Q2 2023
2023-05-24 04:00:00+00:00,XLE,LONG,80.51,79.08,-1.776176872438215,False,0,0.5733133817079837,0.5,Q2 2023
2023-05-24 04:00:00+00:00,VLO,NEUTRAL,114.79,113.18,1.4025611987106885,True,0,0.5569593153170315,0.5,Q2 2023
2023-05-24 04:00:00+00:00,GOOGL,NEUTRAL,120.9,123.48,-2.133995037220842,False,0,0.5992181207854279,0.395,Q2 2023
2023-05-24 04:00:00+00:00,TSLA,NEUTRAL,182.9,184.47,-0.8583925642427518,False,0,0.5954846892557717,0.395,Q2 2023
2023-05-24 04:00:00+00:00,SO,NEUTRAL,70.85,69.82,1.4537755822159508,True,0,0.549105483815675,0.5,Q2 2023
2023-05-24 04:00:00+00:00,AMZN,NEUTRAL,116.75,115.0,1.4989293361884368,True,0,0.5840498078067141,0.395,Q2 2023
2023-05-24 04:00:00+00:00,CCI,SHORT,110.92,112.26,-1.2080778939776446,False,0,0.5260467506858318,0.5,Q2 2023
2023-05-24 04:00:00+00:00,NEM,SHORT,41.81,40.64,2.798373594833776,True,0,0.5202077947938426,0.5,Q2 2023
2023-05-25 04:00:00+00:00,AMD,LONG,120.35,127.03,5.550477773161617,True,0,0.6823006984197015,0.395,Q2 2023
2023-05-25 04:00:00+00:00,NVDA,NEUTRAL,379.8,389.46,-2.5434439178514925,False,0,0.6625,0.395,Q2 2023
2023-05-25 04:00:00+00:00,VLO,NEUTRAL,113.18,113.82,-0.5654709312599278,False,0,0.5692313775581106,0.5,Q2 2023
2023-05-25 04:00:00+00:00,GOOGL,NEUTRAL,123.48,124.61,-0.9151279559442788,False,0,0.61314298236395,0.395,Q2 2023
2023-05-25 04:00:00+00:00,CVX,NEUTRAL,154.56,154.08,0.3105590062111735,True,0,0.5611544989078329,0.5,Q2 2023
2023-05-25 04:00:00+00:00,CCI,SHORT,112.26,111.76,0.4453946196329948,True,0,0.5590776089696526,0.5,Q2 2023
2023-05-25 04:00:00+00:00,XLE,NEUTRAL,79.08,78.77,0.3920080930703115,True,0,0.5564836345761377,0.5,Q2 2023
2023-05-25 04:00:00+00:00,QQQ,NEUTRAL,339.72,348.4,-2.555045331449414,False,0,0.5446878682466384,0.5,Q2 2023
2023-05-25 04:00:00+00:00,AMZN,NEUTRAL,115.0,120.11,-4.443478260869565,False,0,0.5894632168514442,0.395,Q2 2023
2023-05-25 04:00:00+00:00,NEM,SHORT,40.64,40.68,-0.0984251968503916,False,0,0.5442319361093153,0.5,Q2 2023
2023-05-26 04:00:00+00:00,NVDA,LONG,389.46,401.11,2.9913213166949197,True,0,0.6875,0.395,Q2 2023
2023-05-26 04:00:00+00:00,AMZN,LONG,120.11,121.66,1.2904837232536817,True,0,0.6738038494475292,0.395,Q2 2023
2023-05-26 04:00:00+00:00,AMD,LONG,127.03,125.27,-1.385499488309852,False,0,0.670135275388919,0.395,Q2 2023
2023-05-26 04:00:00+00:00,QQQ,LONG,348.4,349.98,0.4535017221584504,True,0,0.6112797202506904,0.5,Q2 2023
2023-05-26 04:00:00+00:00,GOOGL,LONG,124.61,123.67,-0.7543535831795183,False,0,0.6545322380060128,0.395,Q2 2023
2023-05-26 04:00:00+00:00,CCI,NEUTRAL,111.76,112.21,-0.40264853256978217,False,0,0.5980613225498703,0.5,Q2 2023
2023-05-26 04:00:00+00:00,MSFT,LONG,332.89,331.21,-0.5046712127129103,False,0,0.6264329477422133,0.395,Q2 2023
2023-05-26 04:00:00+00:00,TSLA,NEUTRAL,193.17,201.16,-4.136253041362535,False,0,0.6183583036826258,0.395,Q2 2023
2023-05-26 04:00:00+00:00,NEM,SHORT,40.68,40.4,0.6882989183874167,True,0,0.5394331757723106,0.5,Q2 2023
2023-05-26 04:00:00+00:00,SO,SHORT,69.47,69.83,-0.5182092989779753,False,0,0.5242382493960525,0.5,Q2 2023
2023-05-30 04:00:00+00:00,NVDA,LONG,401.11,378.34,-5.676747027000085,False,0,0.6875,0.395,Q2 2023
2023-05-30 04:00:00+00:00,AMD,LONG,125.27,118.21,-5.635826614512655,False,0,0.6751509482775909,0.395,Q2 2023
2023-05-30 04:00:00+00:00,TSLA,LONG,201.16,203.93,1.3770133227281818,True,0,0.665631711813721,0.395,Q2 2023
2023-05-30 04:00:00+00:00,QQQ,LONG,349.98,347.99,-0.5686039202240154,False,0,0.6205688933214955,0.5,Q2 2023
2023-05-30 04:00:00+00:00,CCI,NEUTRAL,112.21,113.21,-0.8911861687906605,False,0,0.6159306500972681,0.5,Q2 2023
2023-05-30 04:00:00+00:00,GOOGL,LONG,123.67,122.87,-0.6468828333468077,False,0,0.6545210944169484,0.395,Q2 2023
2023-05-30 04:00:00+00:00,AMZN,LONG,121.66,120.58,-0.8877198750616458,False,0,0.6517535547460092,0.395,Q2 2023
2023-05-30 04:00:00+00:00,MSFT,LONG,331.21,328.39,-0.8514235681289796,False,0,0.6205798999090911,0.395,Q2 2023
2023-05-30 04:00:00+00:00,VLO,NEUTRAL,111.66,107.04,4.137560451370223,True,0,0.5669581453231799,0.5,Q2 2023
2023-05-30 04:00:00+00:00,SO,SHORT,69.83,69.75,0.11456394099956795,True,0,0.510493922261204,0.5,Q2 2023
2023-05-31 04:00:00+00:00,CCI,NEUTRAL,113.21,112.16,0.9274799046020644,True,0,0.6685576947688303,0.5,Q2 2023
2023-05-31 04:00:00+00:00,NVDA,LONG,378.34,397.7,5.117090447745419,True,0,0.6875,0.395,Q2 2023
2023-05-31 04:00:00+00:00,VLO,NEUTRAL,107.04,105.93,1.0369955156950665,True,0,0.6410259174461005,0.5,Q2 2023
2023-05-31 04:00:00+00:00,NEM,NEUTRAL,40.55,42.47,-4.734895191122076,False,0,0.6328179496212789,0.5,Q2 2023
2023-05-31 04:00:00+00:00,TSLA,LONG,203.93,207.52,1.7604079831314683,True,0,0.6737809404659423,0.395,Q2 2023
2023-05-31 04:00:00+00:00,AMD,LONG,118.21,119.47,1.065899670078678,True,0,0.6652431212678003,0.395,Q2 2023
2023-05-31 04:00:00+00:00,QQQ,LONG,347.99,352.01,1.1552056093565854,True,0,0.6124584912922935,0.5,Q2 2023
2023-05-31 04:00:00+00:00,AMZN,LONG,120.58,122.77,1.8162215956211627,True,0,0.6535076638838085,0.395,Q2 2023
2023-05-31 04:00:00+00:00,SO,SHORT,69.75,69.18,0.817204301075259,True,0,0.5379796466973886,0.5,Q2 2023
2023-05-31 04:00:00+00:00,DE,SHORT,345.98,352.57,-1.9047343777096868,False,0,0.5002740920201829,0.5,Q2 2023
2023-06-01 04:00:00+00:00,TSLA,LONG,207.52,213.97,3.108134155744019,True,0,0.6727946498790767,0.5,Q2 2023
2023-06-01 04:00:00+00:00,AMZN,LONG,122.77,124.25,1.2055062311639684,True,0,0.6426086771240653,0.5,Q2 2023
2023-06-01 04:00:00+00:00,NVDA,LONG,397.7,393.27,-1.1139049534825263,False,0,0.6695055824436393,0.395,Q2 2023
2023-06-01 04:00:00+00:00,NEM,NEUTRAL,42.47,42.09,0.8947492347539332,True,0,0.6215706506997795,0.5,Q2 2023
2023-06-01 04:00:00+00:00,CCI,NEUTRAL,112.16,114.0,-1.6405135520684768,False,0,0.6088297841855117,0.5,Q2 2023
2023-06-01 04:00:00+00:00,QQQ,LONG,352.01,354.65,0.7499786937871045,True,0,0.6016073457484629,0.5,Q2 2023
2023-06-01 04:00:00+00:00,VLO,NEUTRAL,105.93,109.27,-3.1530255829321145,False,0,0.5972545576160714,0.5,Q2 2023
2023-06-01 04:00:00+00:00,AMD,NEUTRAL,119.47,117.86,1.3476186490332296,True,0,0.6035265065499195,0.395,Q2 2023
2023-06-01 04:00:00+00:00,SO,SHORT,69.18,69.45,-0.39028620988724483,False,0,0.5207286056303344,0.5,Q2 2023
2023-06-01 04:00:00+00:00,CVX,SHORT,152.16,156.26,-2.694532071503677,False,0,0.48381220408756065,0.5,Q2 2023
2023-06-02 04:00:00+00:00,TSLA,LONG,213.97,217.61,1.7011730616441627,True,0,0.6833767419805394,0.5,Q2 2023
2023-06-02 04:00:00+00:00,AMZN,LONG,124.25,125.3,0.8450704225352089,True,0,0.6515775352151937,0.5,Q2 2023
2023-06-02 04:00:00+00:00,CAT,LONG,226.63,222.47,-1.8355910514936224,False,0,0.6275883485895446,0.5,Q2 2023
2023-06-02 04:00:00+00:00,NEM,NEUTRAL,42.09,41.92,0.4038964124495169,True,0,0.6201047779999083,0.5,Q2 2023
2023-06-02 04:00:00+00:00,QQQ,LONG,354.65,354.9,0.07049203440011279,True,0,0.6119106809050954,0.5,Q2 2023
2023-06-02 04:00:00+00:00,CCI,NEUTRAL,114.0,112.8,1.052631578947371,True,0,0.6080881595468934,0.5,Q2 2023
2023-06-02 04:00:00+00:00,CVX,NEUTRAL,156.26,155.51,0.4799692819659542,True,0,0.5682439885126311,0.5,Q2 2023
2023-06-02 04:00:00+00:00,VLO,NEUTRAL,109.27,107.39,1.7205088313352206,True,0,0.5672642115733526,0.5,Q2 2023
2023-06-02 04:00:00+00:00,SO,SHORT,69.45,69.69,-0.34557235421165566,False,0,0.5158248243147873,0.5,Q2 2023
2023-06-02 04:00:00+00:00,GOOGL,SHORT,124.67,126.01,-1.0748375711879388,False,0,0.5127513755758661,0.395,Q2 2023
2023-06-05 04:00:00+00:00,NEM,LONG,41.92,41.99,0.16698473282442816,True,0,0.6776076877428348,0.5,Q2 2023
2023-06-05 04:00:00+00:00,TSLA,LONG,217.61,221.31,1.700289508754188,True,0,0.6700073897020344,0.5,Q2 2023
2023-06-05 04:00:00+00:00,AMZN,LONG,125.3,126.61,1.0454908220271368,True,0,0.6313682178165829,0.5,Q2 2023
2023-06-05 04:00:00+00:00,QQQ,LONG,354.9,354.84,-0.016906170752325242,False,0,0.5977972363452267,0.5,Q2 2023
2023-06-05 04:00:00+00:00,CAT,LONG,222.47,226.68,1.892389985166543,True,0,0.5914162036519266,0.5,Q2 2023
2023-06-05 04:00:00+00:00,LIN,NEUTRAL,362.81,359.74,0.8461729279788299,True,0,0.5827587859704557,0.5,Q2 2023
2023-06-05 04:00:00+00:00,VLO,NEUTRAL,107.39,109.27,-1.7506285501443297,False,0,0.5820409853500151,0.5,Q2 2023
2023-06-05 04:00:00+00:00,CCI,NEUTRAL,112.8,112.99,-0.16843971631205473,False,0,0.5695523670915608,0.5,Q2 2023
2023-06-05 04:00:00+00:00,SO,SHORT,69.69,69.37,0.45917635241784066,True,0,0.49978655764418145,0.5,Q2 2023
2023-06-05 04:00:00+00:00,FDX,SHORT,221.08,219.5,0.7146734213859293,True,0,0.3787942312077664,0.5,Q2 2023
2023-06-06 04:00:00+00:00,TSLA,LONG,221.31,224.57,1.4730468573494153,True,0,0.6677171517657272,0.5,Q2 2023
2023-06-06 04:00:00+00:00,AMZN,LONG,126.61,121.23,-4.249269409999207,False,0,0.6259906803624091,0.5,Q2 2023
2023-06-06 04:00:00+00:00,AMD,LONG,124.23,117.83,-5.151734685663692,False,0,0.6624955716673548,0.395,Q2 2023
2023-06-06 04:00:00+00:00,QQQ,LONG,354.84,348.82,-1.6965392853116847,False,0,0.5920722651250627,0.5,Q2 2023
2023-06-06 04:00:00+00:00,CAT,LONG,226.68,235.55,3.9130051173460405,True,0,0.5838960137754468,0.5,Q2 2023
2023-06-06 04:00:00+00:00,GOOGL,LONG,127.31,122.5,-3.7781792475060896,False,0,0.6194378338339994,0.395,Q2 2023
2023-06-06 04:00:00+00:00,NEM,NEUTRAL,41.99,41.9,0.21433674684449489,True,0,0.573997880122288,0.5,Q2 2023
2023-06-06 04:00:00+00:00,MSFT,LONG,333.68,323.38,-3.0867897386717846,False,0,0.6019728183381184,0.395,Q2 2023
2023-06-06 04:00:00+00:00,NEE,SHORT,73.38,74.17,-1.0765876260561547,False,0,0.4418436052844253,0.5,Q2 2023
2023-06-06 04:00:00+00:00,FDX,SHORT,219.5,224.6,-2.323462414578585,False,0,0.3744570422256787,0.5,Q2 2023
2023-06-07 04:00:00+00:00,AMZN,LONG,121.23,124.25,2.491132557947699,True,0,0.6997314294159251,0.5,Q2 2023
2023-06-07 04:00:00+00:00,TSLA,LONG,224.57,234.86,4.582090216858895,True,0,0.6798474609103984,0.5,Q2 2023
2023-06-07 04:00:00+00:00,AMD,LONG,117.83,121.05,2.732750572859203,True,0,0.6798248177346,0.395,Q2 2023
2023-06-07 04:00:00+00:00,VLO,LONG,113.52,112.44,-0.9513742071881591,False,0,0.6330741003534726,0.5,Q2 2023
2023-06-07 04:00:00+00:00,CAT,LONG,235.55,234.45,-0.4669921460411898,False,0,0.6232501786456739,0.5,Q2 2023
2023-06-07 04:00:00+00:00,QQQ,LONG,348.82,353.15,1.2413279055100006,True,0,0.6227358112320189,0.5,Q2 2023
2023-06-07 04:00:00+00:00,DE,LONG,381.82,380.77,-0.27499869048242925,False,0,0.5982729415707893,0.5,Q2 2023
2023-06-07 04:00:00+00:00,NEM,NEUTRAL,41.9,42.04,-0.3341288782816243,False,0,0.5796143897526098,0.5,Q2 2023
2023-06-07 04:00:00+00:00,MSFT,SHORT,323.38,325.26,-0.5813593914280399,False,0,0.5401498890060106,0.395,Q2 2023
2023-06-07 04:00:00+00:00,FDX,SHORT,224.6,225.01,-0.1825467497773805,False,0,0.4123854533350855,0.5,Q2 2023
2023-06-08 04:00:00+00:00,TSLA,LONG,234.86,244.4,4.0619943796304145,True,0,0.6713897336726671,0.5,Q2 2023
2023-06-08 04:00:00+00:00,AMZN,LONG,124.25,123.43,-0.6599597585513024,False,0,0.6683203637255745,0.5,Q2 2023
2023-06-08 04:00:00+00:00,VLO,LONG,112.44,113.39,0.8448950551405219,True,0,0.6366681169957062,0.5,Q2 2023
2023-06-08 04:00:00+00:00,AMD,LONG,121.05,124.92,3.1970260223048363,True,0,0.6697273925817376,0.395,Q2 2023
2023-06-08 04:00:00+00:00,CAT,LONG,234.45,235.03,0.24738750266581894,True,0,0.6184336054698395,0.5,Q2 2023
2023-06-08 04:00:00+00:00,EOG,LONG,116.15,116.25,0.08609556607834207,True,0,0.610503988646902,0.5,Q2 2023
2023-06-08 04:00:00+00:00,DE,LONG,380.77,378.87,-0.49898889093152754,False,0,0.5969003216616313,0.5,Q2 2023
2023-06-08 04:00:00+00:00,CCI,LONG,115.56,113.96,-1.384562132225691,False,0,0.5694592245074881,0.5,Q2 2023
2023-06-08 04:00:00+00:00,NVDA,NEUTRAL,385.1,387.7,-0.6751493118670386,False,0,0.600485886720159,0.395,Q2 2023
2023-06-08 04:00:00+00:00,GOOGL,SHORT,122.14,122.23,-0.0736859341739016,False,0,0.5466172819349524,0.395,Q2 2023
2023-06-09 04:00:00+00:00,TSLA,LONG,244.4,249.83,2.221767594108022,True,0,0.6816433441015608,0.5,Q2 2023
2023-06-09 04:00:00+00:00,AMD,LONG,124.92,129.19,3.418187640089654,True,0,0.6659732969865306,0.395,Q2 2023
2023-06-09 04:00:00+00:00,CAT,LONG,235.03,237.9,1.2211207079947262,True,0,0.6190763975383858,0.5,Q2 2023
2023-06-09 04:00:00+00:00,VLO,LONG,113.39,113.08,-0.2733927154070044,False,0,0.6135342048021649,0.5,Q2 2023
2023-06-09 04:00:00+00:00,AMZN,NEUTRAL,123.43,126.57,-2.5439520375921463,False,0,0.6076706191130579,0.5,Q2 2023
2023-06-09 04:00:00+00:00,EOG,LONG,116.25,113.92,-2.004301075268816,False,0,0.6025538316217983,0.5,Q2 2023
2023-06-09 04:00:00+00:00,DE,LONG,378.87,387.13,2.180167339720746,True,0,0.5846732346410547,0.5,Q2 2023
2023-06-09 04:00:00+00:00,SO,LONG,71.26,70.84,-0.589390962671908,False,0,0.5738504060910135,0.5,Q2 2023
2023-06-09 04:00:00+00:00,SPY,LONG,429.9,433.8,0.9071877180739787,True,0,0.5574842896407899,0.5,Q2 2023
2023-06-09 04:00:00+00:00,GOOGL,SHORT,122.23,123.64,-1.1535629550846738,False,0,0.5252891849083697,0.395,Q2 2023
2023-06-12 04:00:00+00:00,TSLA,LONG,249.83,258.71,3.5544170035624094,True,0,0.664715102559748,0.5,Q2 2023
2023-06-12 04:00:00+00:00,CAT,LONG,237.9,245.44,3.1693989071038215,True,0,0.6488606915170069,0.5,Q2 2023
2023-06-12 04:00:00+00:00,AMD,LONG,129.19,124.53,-3.607090332069043,False,0,0.6696318340295435,0.395,Q2 2023
2023-06-12 04:00:00+00:00,NVDA,LONG,394.82,410.22,3.9005116255508927,True,0,0.6451028320868615,0.395,Q2 2023
2023-06-12 04:00:00+00:00,QQQ,LONG,360.49,363.26,0.7683985686149357,True,0,0.5994984523255191,0.5,Q2 2023
2023-06-12 04:00:00+00:00,NEM,NEUTRAL,42.04,42.44,-0.9514747859181698,False,0,0.5951744010114327,0.5,Q2 2023
2023-06-12 04:00:00+00:00,AMZN,NEUTRAL,126.57,126.66,-0.07110689736904749,False,0,0.5946147827860758,0.5,Q2 2023
2023-06-12 04:00:00+00:00,VLO,NEUTRAL,113.08,113.08,0.0,False,0,0.5807412101113961,0.5,Q2 2023
2023-06-12 04:00:00+00:00,CCI,LONG,115.16,115.6,0.3820771101076743,True,0,0.5529005714266059,0.5,Q2 2023
2023-06-12 04:00:00+00:00,SPY,LONG,433.8,436.66,0.6592899953895835,True,0,0.5498095596388394,0.5,Q2 2023
2023-06-13 04:00:00+00:00,TSLA,LONG,258.71,256.79,-0.7421437130377485,False,0,0.6677009263255416,0.5,Q2 2023
2023-06-13 04:00:00+00:00,CAT,LONG,245.44,243.32,-0.8637548891786199,False,0,0.6590821907910382,0.5,Q2 2023
2023-06-13 04:00:00+00:00,AMD,LONG,124.53,127.33,2.2484541877459225,True,0,0.6990960178481227,0.395,Q2 2023
2023-06-13 04:00:00+00:00,AMZN,LONG,126.66,126.42,-0.18948365703457673,False,0,0.6435165796663981,0.5,Q2 2023
2023-06-13 04:00:00+00:00,DE,LONG,398.24,399.05,0.20339493772599496,True,0,0.6243621898453605,0.5,Q2 2023
2023-06-13 04:00:00+00:00,NVDA,LONG,410.22,429.97,4.8144897859685045,True,0,0.66254252105008,0.395,Q2 2023
2023-06-13 04:00:00+00:00,NEM,LONG,42.44,42.1,-0.801131008482555,False,0,0.6121905860946539,0.5,Q2 2023
2023-06-13 04:00:00+00:00,QQQ,LONG,363.26,365.9,0.7267521885151094,True,0,0.6088030107745634,0.5,Q2 2023
2023-06-13 04:00:00+00:00,VLO,NEUTRAL,113.08,111.83,1.1054120976299966,True,0,0.5759874080751151,0.5,Q2 2023
2023-06-13 04:00:00+00:00,SPY,LONG,436.66,437.18,0.1190857875692717,True,0,0.5635739704885682,0.5,Q2 2023
2023-06-14 04:00:00+00:00,TSLA,LONG,256.79,255.9,-0.3465867050897678,False,0,0.6691037813984997,0.5,Q2 2023
2023-06-14 04:00:00+00:00,AMZN,LONG,126.42,127.11,0.5457997152349294,True,0,0.6514398775948448,0.5,Q2 2023
2023-06-14 04:00:00+00:00,CAT,LONG,243.32,247.67,1.7877691928324817,True,0,0.6463889619054671,0.5,Q2 2023
2023-06-14 04:00:00+00:00,AMD,LONG,127.33,124.24,-2.4267650985627927,False,0,0.6804981031367681,0.395,Q2 2023
2023-06-14 04:00:00+00:00,NVDA,LONG,429.97,426.53,-0.8000558178477694,False,0,0.6715123184164852,0.395,Q2 2023
2023-06-14 04:00:00+00:00,DE,LONG,399.05,406.52,1.8719458714446735,True,0,0.6200641689883832,0.5,Q2 2023
2023-06-14 04:00:00+00:00,QQQ,LONG,365.9,370.26,1.191582399562726,True,0,0.6193884078873564,0.5,Q2 2023
2023-06-14 04:00:00+00:00,NEM,NEUTRAL,42.1,42.7,-1.425178147268412,False,0,0.5855276273477292,0.5,Q2 2023
2023-06-14 04:00:00+00:00,VLO,NEUTRAL,111.83,114.03,-1.967271751766076,False,0,0.5850559430485041,0.5,Q2 2023
2023-06-14 04:00:00+00:00,SPY,LONG,437.18,442.6,1.2397639416258786,True,0,0.5666074313299561,0.5,Q2 2023
2023-06-15 04:00:00+00:00,CAT,LONG,247.67,245.27,-0.969031372390672,False,0,0.6414298569809478,0.5,Q2 2023
2023-06-15 04:00:00+00:00,NVDA,LONG,426.53,426.92,0.09143553794575837,True,0,0.6647057357721857,0.395,Q2 2023
2023-06-15 04:00:00+00:00,MSFT,LONG,348.1,342.33,-1.6575696638896977,False,0,0.6638325091745491,0.395,Q2 2023
2023-06-15 04:00:00+00:00,QQQ,LONG,370.26,367.93,-0.6292875276832454,False,0,0.6177358078918904,0.5,Q2 2023
2023-06-15 04:00:00+00:00,DE,LONG,406.52,407.63,0.27304929646758186,True,0,0.6171066837912338,0.5,Q2 2023
2023-06-15 04:00:00+00:00,TSLA,NEUTRAL,255.9,260.54,-1.813208284486133,False,0,0.6150728108410365,0.5,Q2 2023
2023-06-15 04:00:00+00:00,SPY,LONG,442.6,439.46,-0.7094441934026305,False,0,0.5809760190625196,0.5,Q2 2023
2023-06-15 04:00:00+00:00,AMZN,NEUTRAL,127.11,125.49,1.27448666509323,True,0,0.5786085429413447,0.5,Q2 2023
2023-06-15 04:00:00+00:00,VLO,NEUTRAL,114.03,114.21,-0.15785319652722318,False,0,0.5785528229142771,0.5,Q2 2023
2023-06-15 04:00:00+00:00,AMD,SHORT,124.24,120.08,3.3483580167417877,True,0,0.5708455052151021,0.395,Q2 2023
2023-06-16 04:00:00+00:00,VLO,LONG,114.21,110.96,-2.8456352333420893,False,0,0.6901511307085828,0.5,Q2 2023
2023-06-16 04:00:00+00:00,DE,LONG,407.63,407.98,0.08586217893678649,True,0,0.6363216595859916,0.5,Q2 2023
2023-06-16 04:00:00+00:00,NVDA,LONG,426.92,438.08,2.6140728942190496,True,0,0.6764042536082917,0.395,Q2 2023
2023-06-16 04:00:00+00:00,CAT,NEUTRAL,245.27,241.15,1.6797814653239305,True,0,0.6277684004039662,0.5,Q2 2023
2023-06-16 04:00:00+00:00,MSFT,LONG,342.33,338.05,-1.2502556013203554,False,0,0.6715385496248616,0.395,Q2 2023
2023-06-16 04:00:00+00:00,QQQ,LONG,367.93,366.9,-0.2799445546707335,False,0,0.6224823724714228,0.5,Q2 2023
2023-06-16 04:00:00+00:00,TSLA,NEUTRAL,260.54,274.45,-5.338911491517605,False,0,0.6165462917748556,0.5,Q2 2023
2023-06-16 04:00:00+00:00,FDX,LONG,233.46,231.65,-0.7752934121476922,False,0,0.605897166620323,0.5,Q2 2023
2023-06-16 04:00:00+00:00,NEM,NEUTRAL,43.83,43.1,1.6655258955053547,True,0,0.6021992817734558,0.5,Q2 2023
2023-06-16 04:00:00+00:00,GOOGL,SHORT,123.53,123.1,0.34809358050676503,True,0,0.5115288205475474,0.395,Q2 2023
2023-06-20 04:00:00+00:00,TSLA,LONG,274.45,259.46,-5.461832756421938,False,0,0.6653881178916774,0.5,Q2 2023
2023-06-20 04:00:00+00:00,DE,LONG,407.98,416.59,2.1103975685082497,True,0,0.6313606138334767,0.5,Q2 2023
2023-06-20 04:00:00+00:00,NVDA,LONG,438.08,430.45,-1.741691015339663,False,0,0.6605026812631434,0.395,Q2 2023
2023-06-20 04:00:00+00:00,VLO,NEUTRAL,110.96,111.62,-0.5948089401586255,False,0,0.6112250713898398,0.5,Q2 2023
2023-06-20 04:00:00+00:00,CAT,NEUTRAL,241.15,241.48,-0.13684428778767743,False,0,0.5998363813208198,0.5,Q2 2023
2023-06-20 04:00:00+00:00,QQQ,LONG,366.9,361.9,-1.3627691469065142,False,0,0.5954427961226831,0.5,Q2 2023
2023-06-20 04:00:00+00:00,FDX,NEUTRAL,231.65,225.84,2.5080941074897485,True,0,0.586207738224676,0.5,Q2 2023
2023-06-20 04:00:00+00:00,NEM,LONG,43.1,42.58,-1.206496519721585,False,0,0.5799957254046438,0.5,Q2 2023
2023-06-20 04:00:00+00:00,AMD,SHORT,118.93,112.11,5.734465652064245,True,0,0.5732290440906996,0.395,Q2 2023
2023-06-20 04:00:00+00:00,MSFT,SHORT,338.05,333.56,1.3282058867031532,True,0,0.5220346158939788,0.395,Q2 2023
2023-06-21 04:00:00+00:00,TSLA,LONG,259.46,264.61,1.984891698142309,True,0,0.6784809444954933,0.5,Q2 2023
2023-06-21 04:00:00+00:00,DE,LONG,416.59,415.69,-0.2160397513142364,False,0,0.6402344299357037,0.5,Q2 2023
2023-06-21 04:00:00+00:00,NVDA,LONG,430.45,430.25,-0.046463003833195175,False,0,0.6561111255304081,0.395,Q2 2023
2023-06-21 04:00:00+00:00,CAT,NEUTRAL,241.48,237.34,1.7144276958754292,True,0,0.6005618901000784,0.5,Q2 2023
2023-06-21 04:00:00+00:00,VLO,NEUTRAL,111.62,110.39,1.1019530550080667,True,0,0.5861808373358891,0.5,Q2 2023
2023-06-21 04:00:00+00:00,AMZN,NEUTRAL,124.83,130.15,-4.261796042617966,False,0,0.560468209327106,0.5,Q2 2023
2023-06-21 04:00:00+00:00,QQQ,NEUTRAL,361.9,366.17,-1.1798839458414034,False,0,0.5577690934526475,0.5,Q2 2023
2023-06-21 04:00:00+00:00,NEM,LONG,42.58,42.15,-1.009863785814936,False,0,0.5480673004216847,0.5,Q2 2023
2023-06-21 04:00:00+00:00,AMD,SHORT,112.11,110.7,1.2576933369012546,True,0,0.5871513753854619,0.395,Q2 2023
2023-06-21 04:00:00+00:00,GOOGL,SHORT,120.55,123.15,-2.1567814184985554,False,0,0.5049677288955796,0.395,Q2 2023
2023-06-22 04:00:00+00:00,TSLA,LONG,264.61,256.6,-3.027096481614448,False,0,0.664352794867749,0.5,Q2 2023
2023-06-22 04:00:00+00:00,DE,LONG,415.69,404.45,-2.7039380307440664,False,0,0.6297477678588148,0.5,Q2 2023
2023-06-22 04:00:00+00:00,AMZN,NEUTRAL,130.15,129.33,0.6300422589319963,True,0,0.6291644908757067,0.5,Q2 2023
2023-06-22 04:00:00+00:00,NVDA,LONG,430.25,422.09,-1.8965717606043055,False,0,0.6526401837150746,0.395,Q2 2023
2023-06-22 04:00:00+00:00,CAT,NEUTRAL,237.34,234.44,1.221875790005901,True,0,0.595470386458698,0.5,Q2 2023
2023-06-22 04:00:00+00:00,VLO,NEUTRAL,110.39,111.3,-0.8243500317057675,False,0,0.581217885328523,0.5,Q2 2023
2023-06-22 04:00:00+00:00,CCI,NEUTRAL,109.65,109.44,0.19151846785226442,True,0,0.5749168117496719,0.5,Q2 2023
2023-06-22 04:00:00+00:00,AMD,SHORT,110.7,110.01,0.6233062330623286,True,0,0.5848660297641101,0.395,Q2 2023
2023-06-22 04:00:00+00:00,FDX,NEUTRAL,232.93,232.34,0.253294981324863,True,0,0.5336023869194579,0.5,Q2 2023
2023-06-22 04:00:00+00:00,EOG,SHORT,108.25,106.82,1.3210161662817614,True,0,0.4844322281280241,0.5,Q2 2023
2023-06-23 04:00:00+00:00,DE,LONG,404.45,410.19,1.4192112745704066,True,0,0.6403252060148088,0.5,Q2 2023
2023-06-23 04:00:00+00:00,AMZN,NEUTRAL,129.33,127.33,1.5464316090621,True,0,0.6217956717457211,0.5,Q2 2023
2023-06-23 04:00:00+00:00,CAT,NEUTRAL,234.44,236.95,-1.0706364101689092,False,0,0.6193304965175448,0.5,Q2 2023
2023-06-23 04:00:00+00:00,TSLA,NEUTRAL,256.6,241.05,6.06001558846454,True,0,0.6170415508043783,0.5,Q2 2023
2023-06-23 04:00:00+00:00,VLO,NEUTRAL,111.3,112.99,-1.518418688230007,False,0,0.6126574853292897,0.5,Q2 2023
2023-06-23 04:00:00+00:00,LIN,LONG,370.59,370.71,0.03238079818667653,True,0,0.55113240495363,0.5,Q2 2023
2023-06-23 04:00:00+00:00,EOG,SHORT,106.82,110.0,-2.97697060475567,False,0,0.550414119015954,0.5,Q2 2023
2023-06-23 04:00:00+00:00,AMD,SHORT,110.01,107.51,2.2725206799381876,True,0,0.5850525146696154,0.395,Q2 2023
2023-06-23 04:00:00+00:00,FDX,NEUTRAL,232.34,234.93,-1.1147456314022568,False,0,0.5261117609475098,0.5,Q2 2023
2023-06-23 04:00:00+00:00,NEM,NEUTRAL,41.58,42.75,-2.8138528138528183,False,0,0.5178644500436711,0.5,Q2 2023
2023-06-26 04:00:00+00:00,VLO,LONG,112.99,115.35,2.088680414195946,True,0,0.5940279692737869,0.5,Q2 2023
2023-06-26 04:00:00+00:00,DE,NEUTRAL,410.19,409.51,0.16577683512518754,True,0,0.5734623776078647,0.5,Q2 2023
2023-06-26 04:00:00+00:00,AMZN,NEUTRAL,127.33,129.18,-1.4529176156443953,False,0,0.566665647165038,0.5,Q2 2023
2023-06-26 04:00:00+00:00,TSLA,SHORT,241.05,250.21,-3.8000414851690505,False,0,0.5582286443885538,0.5,Q2 2023
2023-06-26 04:00:00+00:00,NVDA,NEUTRAL,406.32,418.76,-3.0616263043906278,False,0,0.5907075577017749,0.395,Q2 2023
2023-06-26 04:00:00+00:00,AMD,SHORT,107.51,110.39,-2.678820574830244,False,0,0.5869323801718617,0.395,Q2 2023
2023-06-26 04:00:00+00:00,LIN,LONG,370.71,375.75,1.3595532896334117,True,0,0.5192623511914063,0.5,Q2 2023
2023-06-26 04:00:00+00:00,FDX,NEUTRAL,234.93,246.76,-5.035542502021872,False,0,0.5092558913166804,0.5,Q2 2023
2023-06-26 04:00:00+00:00,CAT,SHORT,236.95,240.69,-1.5783920658366783,False,0,0.5071543425186554,0.5,Q2 2023
2023-06-26 04:00:00+00:00,GOOGL,SHORT,118.34,118.33,0.008450228156164538,True,0,0.5510647720646251,0.395,Q2 2023
2023-06-27 04:00:00+00:00,VLO,LONG,115.35,115.69,0.294755093194628,True,0,0.6414733446684814,0.5,Q2 2023
2023-06-27 04:00:00+00:00,FDX,LONG,246.76,248.44,0.6808234721997111,True,0,0.5969093889889205,0.5,Q2 2023
2023-06-27 04:00:00+00:00,TSLA,NEUTRAL,250.21,256.24,-2.4099756204787983,False,0,0.5751100647117907,0.5,Q2 2023
2023-06-27 04:00:00+00:00,DE,NEUTRAL,409.51,405.2,1.0524773509804406,True,0,0.5736303189056494,0.5,Q2 2023
2023-06-27 04:00:00+00:00,AMZN,NEUTRAL,129.18,129.04,0.1083759095835383,True,0,0.5519807561394642,0.5,Q2 2023
2023-06-27 04:00:00+00:00,AMD,SHORT,110.39,110.17,0.1992934142585369,True,0,0.5901066239586523,0.395,Q2 2023
2023-06-27 04:00:00+00:00,CAT,NEUTRAL,240.69,241.87,-0.4902571772819838,False,0,0.5357929482036033,0.5,Q2 2023
2023-06-27 04:00:00+00:00,GOOGL,NEUTRAL,118.33,120.18,-1.5634243218118893,False,0,0.5737801745850127,0.395,Q2 2023
2023-06-27 04:00:00+00:00,NVDA,NEUTRAL,418.76,411.17,1.8124940299933077,True,0,0.5679157144851144,0.395,Q2 2023
2023-06-27 04:00:00+00:00,CCI,SHORT,111.36,113.58,-1.9935344827586199,False,0,0.4884685841591466,0.5,Q2 2023
2023-06-28 04:00:00+00:00,CCI,LONG,113.58,114.08,0.4402183483007572,True,0,0.6468401862808997,0.5,Q2 2023
2023-06-28 04:00:00+00:00,VLO,LONG,115.69,116.61,0.7952286282306178,True,0,0.625904132152156,0.5,Q2 2023
2023-06-28 04:00:00+00:00,CAT,NEUTRAL,241.87,244.24,-0.9798652168520298,False,0,0.5907155819060723,0.5,Q2 2023
2023-06-28 04:00:00+00:00,FDX,LONG,248.44,249.98,0.6198679761713057,True,0,0.5866667000927311,0.5,Q2 2023
2023-06-28 04:00:00+00:00,DE,NEUTRAL,405.2,401.63,0.8810463968410644,True,0,0.5813693227642958,0.5,Q2 2023
2023-06-28 04:00:00+00:00,TSLA,NEUTRAL,256.24,257.5,-0.4917265064002462,False,0,0.5714274968125331,0.5,Q2 2023
2023-06-28 04:00:00+00:00,XLE,LONG,79.73,80.65,1.1538943935783288,True,0,0.56879673250224,0.5,Q2 2023
2023-06-28 04:00:00+00:00,AMD,SHORT,110.17,111.24,-0.9712262866479017,False,0,0.5863978077869281,0.395,Q2 2023
2023-06-28 04:00:00+00:00,NVDA,NEUTRAL,411.17,408.22,0.7174647955833325,True,0,0.5762386963923966,0.395,Q2 2023
2023-06-28 04:00:00+00:00,GOOGL,SHORT,120.18,119.1,0.8986520219670597,True,0,0.5249004016255349,0.395,Q2 2023
2023-06-29 04:00:00+00:00,EOG,LONG,113.0,113.0,0.0,False,0,0.6369150220312685,0.5,Q2 2023
2023-06-29 04:00:00+00:00,TSLA,NEUTRAL,257.5,257.5,0.0,False,0,0.619003171864513,0.5,Q2 2023
2023-06-29 04:00:00+00:00,DE,NEUTRAL,401.63,401.63,0.0,False,0,0.5979745069829443,0.5,Q2 2023
2023-06-29 04:00:00+00:00,VLO,LONG,116.61,116.61,0.0,False,0,0.5940549167243464,0.5,Q2 2023
2023-06-29 04:00:00+00:00,CCI,LONG,114.08,114.08,0.0,False,0,0.593155291335418,0.5,Q2 2023
2023-06-29 04:00:00+00:00,CAT,NEUTRAL,244.24,244.24,0.0,False,0,0.5832645973198596,0.5,Q2 2023
2023-06-29 04:00:00+00:00,FDX,LONG,249.98,249.98,0.0,False,0,0.5824321464564164,0.5,Q2 2023
2023-06-29 04:00:00+00:00,XLE,LONG,80.65,80.65,0.0,False,0,0.5548384485266414,0.5,Q2 2023
2023-06-29 04:00:00+00:00,AMD,SHORT,111.24,111.24,0.0,False,0,0.582556169637095,0.395,Q2 2023
2023-06-29 04:00:00+00:00,NVDA,SHORT,408.22,408.22,0.0,False,0,0.5436830679880144,0.395,Q2 2023
