symbol,date,month,score,direction
SPY,2023-01-15,January,0.19200000000000017,LONG
QQQ,2023-01-15,January,0.15600000000000014,LONG
DIA,2023-01-15,January,0.008000000000000007,LONG
IWM,2023-01-15,January,0.13200000000000012,LONG
VTI,2023-01-15,January,0.15600000000000014,LONG
VOO,2023-01-15,January,0.16000000000000014,LONG
VGT,2023-01-15,January,0.14800000000000013,LONG
XLF,2023-01-15,January,0.1200000000000001,LONG
XLV,2023-01-15,January,0.18400000000000016,LONG
XLE,2023-01-15,January,0.1160000000000001,LONG
XLK,2023-01-15,January,0.14000000000000012,LONG
XLI,2023-01-15,January,0.13200000000000012,LONG
XLP,2023-01-15,January,0.16000000000000014,LONG
XLY,2023-01-15,January,0.19600000000000017,LONG
XLB,2023-01-15,January,0.10400000000000009,LONG
XLU,2023-01-15,January,0.18000000000000016,LONG
XLRE,2023-01-15,January,0.04400000000000004,LONG
XLC,2023-01-15,January,0.1080000000000001,LONG
AAPL,2023-01-15,January,-0.07200000000000006,SHORT
MSFT,2023-01-15,January,0.040000000000000036,LONG
AMZN,2023-01-15,January,0.02400000000000002,LONG
GOOGL,2023-01-15,January,-0.1120000000000001,SHORT
GOOG,2023-01-15,January,-0.016000000000000014,SHORT
META,2023-01-15,January,-0.03600000000000003,SHORT
NVDA,2023-01-15,January,-0.028000000000000025,SHORT
AMD,2023-01-15,January,0.02400000000000002,LONG
INTC,2023-01-15,January,-0.008000000000000007,SHORT
CSCO,2023-01-15,January,-0.03200000000000003,SHORT
ORCL,2023-01-15,January,0.0,LONG
IBM,2023-01-15,January,0.04800000000000004,LONG
ADBE,2023-01-15,January,-0.14400000000000002,SHORT
CRM,2023-01-15,January,0.08800000000000008,LONG
PYPL,2023-01-15,January,0.08400000000000007,LONG
NFLX,2023-01-15,January,0.03200000000000003,LONG
TSLA,2023-01-15,January,0.016000000000000014,LONG
AVGO,2023-01-15,January,-0.01200000000000001,SHORT
TXN,2023-01-15,January,0.18400000000000016,LONG
QCOM,2023-01-15,January,0.0,LONG
MU,2023-01-15,January,-0.16799999999999993,SHORT
AMAT,2023-01-15,January,-0.052000000000000046,SHORT
ADI,2023-01-15,January,0.008000000000000007,LONG
LRCX,2023-01-15,January,0.03600000000000003,LONG
KLAC,2023-01-15,January,-0.08400000000000007,SHORT
SNPS,2023-01-15,January,0.08000000000000007,LONG
CDNS,2023-01-15,January,-0.03200000000000003,SHORT
INTU,2023-01-15,January,0.06400000000000006,LONG
NOW,2023-01-15,January,0.16000000000000014,LONG
WDAY,2023-01-15,January,0.020000000000000018,LONG
TEAM,2023-01-15,January,-0.03600000000000003,SHORT
ZS,2023-01-15,January,-0.12400000000000011,SHORT
OKTA,2023-01-15,January,-0.0040000000000000036,SHORT
CRWD,2023-01-15,January,0.0,LONG
NET,2023-01-15,January,0.1080000000000001,LONG
DDOG,2023-01-15,January,-0.07200000000000006,SHORT
SNOW,2023-01-15,January,0.09200000000000008,LONG
JPM,2023-01-15,January,0.1080000000000001,LONG
BAC,2023-01-15,January,-0.02400000000000002,SHORT
WFC,2023-01-15,January,0.08000000000000007,LONG
C,2023-01-15,January,-0.14800000000000002,SHORT
GS,2023-01-15,January,-0.19999999999999996,SHORT
MS,2023-01-15,January,-0.17599999999999993,SHORT
BLK,2023-01-15,January,0.052000000000000046,LONG
AXP,2023-01-15,January,0.1160000000000001,LONG
V,2023-01-15,January,-0.07200000000000006,SHORT
MA,2023-01-15,January,0.15200000000000014,LONG
SCHW,2023-01-15,January,0.020000000000000018,LONG
PNC,2023-01-15,January,0.08400000000000007,LONG
USB,2023-01-15,January,0.1200000000000001,LONG
TFC,2023-01-15,January,0.06800000000000006,LONG
COF,2023-01-15,January,0.04800000000000004,LONG
BK,2023-01-15,January,0.14800000000000013,LONG
STT,2023-01-15,January,0.18800000000000017,LONG
DFS,2023-01-15,January,0.06800000000000006,LONG
AIG,2023-01-15,January,0.020000000000000018,LONG
MET,2023-01-15,January,0.10400000000000009,LONG
PRU,2023-01-15,January,0.17200000000000015,LONG
ALL,2023-01-15,January,0.052000000000000046,LONG
TRV,2023-01-15,January,0.19200000000000017,LONG
CB,2023-01-15,January,0.1160000000000001,LONG
PGR,2023-01-15,January,0.1160000000000001,LONG
MMC,2023-01-15,January,0.06800000000000006,LONG
AON,2023-01-15,January,0.07200000000000006,LONG
ICE,2023-01-15,January,0.020000000000000018,LONG
CME,2023-01-15,January,0.03600000000000003,LONG
SPGI,2023-01-15,January,0.01200000000000001,LONG
MCO,2023-01-15,January,0.07600000000000007,LONG
JNJ,2023-01-15,January,0.08800000000000008,LONG
PFE,2023-01-15,January,0.06000000000000005,LONG
MRK,2023-01-15,January,0.1200000000000001,LONG
ABBV,2023-01-15,January,-0.08400000000000007,SHORT
LLY,2023-01-15,January,0.14800000000000013,LONG
ABT,2023-01-15,January,0.04400000000000004,LONG
TMO,2023-01-15,January,0.14400000000000013,LONG
DHR,2023-01-15,January,0.07200000000000006,LONG
UNH,2023-01-15,January,0.12400000000000011,LONG
CVS,2023-01-15,January,0.1280000000000001,LONG
AMGN,2023-01-15,January,-0.052000000000000046,SHORT
GILD,2023-01-15,January,-0.06400000000000006,SHORT
ISRG,2023-01-15,January,0.020000000000000018,LONG
REGN,2023-01-15,January,-0.016000000000000014,SHORT
VRTX,2023-01-15,January,0.14400000000000013,LONG
MRNA,2023-01-15,January,-0.008000000000000007,SHORT
BIIB,2023-01-15,January,-0.10400000000000009,SHORT
BMY,2023-01-15,January,0.1120000000000001,LONG
MDT,2023-01-15,January,0.10000000000000009,LONG
SYK,2023-01-15,January,0.17200000000000015,LONG
BSX,2023-01-15,January,0.13200000000000012,LONG
ZTS,2023-01-15,January,-0.18799999999999994,SHORT
DXCM,2023-01-15,January,-0.016000000000000014,SHORT
ILMN,2023-01-15,January,0.0,LONG
IDXX,2023-01-15,January,0.052000000000000046,LONG
EW,2023-01-15,January,-0.19199999999999995,SHORT
HUM,2023-01-15,January,0.1200000000000001,LONG
CI,2023-01-15,January,0.14400000000000013,LONG
ANTM,2023-01-15,January,0.0,LONG
CNC,2023-01-15,January,0.03200000000000003,LONG
BDX,2023-01-15,January,0.07200000000000006,LONG
BAX,2023-01-15,January,0.06000000000000005,LONG
PG,2023-01-15,January,0.18800000000000017,LONG
KO,2023-01-15,January,-0.19999999999999996,SHORT
PEP,2023-01-15,January,0.10000000000000009,LONG
WMT,2023-01-15,January,0.17600000000000016,LONG
COST,2023-01-15,January,0.03600000000000003,LONG
HD,2023-01-15,January,0.14400000000000013,LONG
LOW,2023-01-15,January,0.15200000000000014,LONG
MCD,2023-01-15,January,0.03200000000000003,LONG
SBUX,2023-01-15,January,0.07200000000000006,LONG
NKE,2023-01-15,January,0.07200000000000006,LONG
DIS,2023-01-15,January,0.08000000000000007,LONG
CMCSA,2023-01-15,January,-0.17999999999999994,SHORT
TGT,2023-01-15,January,0.14000000000000012,LONG
BKNG,2023-01-15,January,-0.05600000000000005,SHORT
EXPE,2023-01-15,January,0.008000000000000007,LONG
MAR,2023-01-15,January,0.08000000000000007,LONG
HLT,2023-01-15,January,0.1120000000000001,LONG
YUM,2023-01-15,January,0.18800000000000017,LONG
QSR,2023-01-15,January,0.16800000000000015,LONG
MO,2023-01-15,January,-0.19199999999999995,SHORT
PM,2023-01-15,January,-0.18799999999999994,SHORT
KHC,2023-01-15,January,0.040000000000000036,LONG
GIS,2023-01-15,January,0.09200000000000008,LONG
K,2023-01-15,January,-0.1160000000000001,SHORT
CL,2023-01-15,January,0.15600000000000014,LONG
CLX,2023-01-15,January,0.1080000000000001,LONG
CHD,2023-01-15,January,0.01200000000000001,LONG
EL,2023-01-15,January,0.16400000000000015,LONG
ULTA,2023-01-15,January,0.02400000000000002,LONG
VFC,2023-01-15,January,0.07600000000000007,LONG
TPR,2023-01-15,January,0.16800000000000015,LONG
RL,2023-01-15,January,-0.18399999999999994,SHORT
GE,2023-01-15,January,0.14400000000000013,LONG
HON,2023-01-15,January,0.10000000000000009,LONG
MMM,2023-01-15,January,0.1080000000000001,LONG
CAT,2023-01-15,January,0.04800000000000004,LONG
DE,2023-01-15,January,0.13200000000000012,LONG
BA,2023-01-15,January,0.1080000000000001,LONG
LMT,2023-01-15,January,0.13200000000000012,LONG
RTX,2023-01-15,January,-0.19999999999999996,SHORT
GD,2023-01-15,January,0.14000000000000012,LONG
NOC,2023-01-15,January,0.08000000000000007,LONG
UPS,2023-01-15,January,0.17600000000000016,LONG
FDX,2023-01-15,January,0.08800000000000008,LONG
UNP,2023-01-15,January,0.15600000000000014,LONG
CSX,2023-01-15,January,0.13600000000000012,LONG
NSC,2023-01-15,January,0.09600000000000009,LONG
EMR,2023-01-15,January,0.09600000000000009,LONG
ETN,2023-01-15,January,0.1080000000000001,LONG
PH,2023-01-15,January,0.19200000000000017,LONG
ITW,2023-01-15,January,0.16000000000000014,LONG
CMI,2023-01-15,January,0.052000000000000046,LONG
ROK,2023-01-15,January,0.1280000000000001,LONG
IR,2023-01-15,January,-0.19599999999999995,SHORT
DOV,2023-01-15,January,0.1160000000000001,LONG
SWK,2023-01-15,January,0.16400000000000015,LONG
URI,2023-01-15,January,0.14400000000000013,LONG
PCAR,2023-01-15,January,-0.040000000000000036,SHORT
WAB,2023-01-15,January,0.05600000000000005,LONG
XOM,2023-01-15,January,0.16000000000000014,LONG
CVX,2023-01-15,January,0.14800000000000013,LONG
COP,2023-01-15,January,0.08800000000000008,LONG
EOG,2023-01-15,January,0.06000000000000005,LONG
PXD,2023-01-15,January,0.1280000000000001,LONG
OXY,2023-01-15,January,-0.19199999999999995,SHORT
MPC,2023-01-15,January,0.08000000000000007,LONG
PSX,2023-01-15,January,0.18800000000000017,LONG
VLO,2023-01-15,January,0.14800000000000013,LONG
KMI,2023-01-15,January,0.08400000000000007,LONG
WMB,2023-01-15,January,0.10400000000000009,LONG
ET,2023-01-15,January,0.19600000000000017,LONG
EPD,2023-01-15,January,0.052000000000000046,LONG
SLB,2023-01-15,January,0.08400000000000007,LONG
HAL,2023-01-15,January,0.03600000000000003,LONG
BKR,2023-01-15,January,0.07600000000000007,LONG
LIN,2023-01-15,January,0.09200000000000008,LONG
APD,2023-01-15,January,0.03600000000000003,LONG
SHW,2023-01-15,January,0.15200000000000014,LONG
FCX,2023-01-15,January,0.08400000000000007,LONG
NEM,2023-01-15,January,0.08000000000000007,LONG
GOLD,2023-01-15,January,-0.040000000000000036,SHORT
NUE,2023-01-15,January,0.1120000000000001,LONG
STLD,2023-01-15,January,0.028000000000000025,LONG
DOW,2023-01-15,January,0.1200000000000001,LONG
DD,2023-01-15,January,0.1280000000000001,LONG
ECL,2023-01-15,January,0.03200000000000003,LONG
PPG,2023-01-15,January,0.1080000000000001,LONG
ALB,2023-01-15,January,0.01200000000000001,LONG
CF,2023-01-15,January,0.13200000000000012,LONG
MOS,2023-01-15,January,0.14000000000000012,LONG
NEE,2023-01-15,January,0.04800000000000004,LONG
DUK,2023-01-15,January,0.09600000000000009,LONG
SO,2023-01-15,January,-0.16799999999999993,SHORT
D,2023-01-15,January,-0.14400000000000002,SHORT
AEP,2023-01-15,January,0.040000000000000036,LONG
EXC,2023-01-15,January,0.08000000000000007,LONG
SRE,2023-01-15,January,0.1200000000000001,LONG
PCG,2023-01-15,January,0.05600000000000005,LONG
ED,2023-01-15,January,0.13200000000000012,LONG
XEL,2023-01-15,January,0.1160000000000001,LONG
WEC,2023-01-15,January,0.07600000000000007,LONG
ES,2023-01-15,January,0.19200000000000017,LONG
PEG,2023-01-15,January,0.06400000000000006,LONG
DTE,2023-01-15,January,0.06800000000000006,LONG
FE,2023-01-15,January,0.14000000000000012,LONG
AMT,2023-01-15,January,0.08800000000000008,LONG
CCI,2023-01-15,January,0.01200000000000001,LONG
EQIX,2023-01-15,January,0.028000000000000025,LONG
PLD,2023-01-15,January,0.08000000000000007,LONG
PSA,2023-01-15,January,0.09600000000000009,LONG
WELL,2023-01-15,January,0.016000000000000014,LONG
AVB,2023-01-15,January,0.052000000000000046,LONG
EQR,2023-01-15,January,0.1120000000000001,LONG
DLR,2023-01-15,January,0.08800000000000008,LONG
O,2023-01-15,January,-0.10000000000000009,SHORT
SPG,2023-01-15,January,0.1200000000000001,LONG
VICI,2023-01-15,January,-0.020000000000000018,SHORT
T,2023-01-15,January,-0.08000000000000007,SHORT
VZ,2023-01-15,January,-0.1120000000000001,SHORT
TMUS,2023-01-15,January,0.10000000000000009,LONG
CHTR,2023-01-15,January,0.0040000000000000036,LONG
EA,2023-01-15,January,0.1200000000000001,LONG
ATVI,2023-01-15,January,0.016000000000000014,LONG
TTWO,2023-01-15,January,0.1200000000000001,LONG
MTCH,2023-01-15,January,-0.016000000000000014,SHORT
PINS,2023-01-15,January,0.040000000000000036,LONG
SNAP,2023-01-15,January,0.008000000000000007,LONG
TWTR,2023-01-15,January,0.13200000000000012,LONG
SHOP,2023-01-15,January,0.040000000000000036,LONG
SQ,2023-01-15,January,-0.15999999999999992,SHORT
ROKU,2023-01-15,January,0.06800000000000006,LONG
ZM,2023-01-15,January,-0.14800000000000002,SHORT
DOCU,2023-01-15,January,-0.020000000000000018,SHORT
TWLO,2023-01-15,January,0.08800000000000008,LONG
ABNB,2023-01-15,January,-0.1160000000000001,SHORT
DASH,2023-01-15,January,-0.06400000000000006,SHORT
UBER,2023-01-15,January,-0.008000000000000007,SHORT
LYFT,2023-01-15,January,0.06000000000000005,LONG
RBLX,2023-01-15,January,0.03200000000000003,LONG
U,2023-01-15,January,-0.07600000000000007,SHORT
PLTR,2023-01-15,January,0.07200000000000006,LONG
COIN,2023-01-15,January,-0.028000000000000025,SHORT
RIVN,2023-01-15,January,0.06000000000000005,LONG
LCID,2023-01-15,January,-0.08000000000000007,SHORT
NIO,2023-01-15,January,0.10400000000000009,LONG
XPEV,2023-01-15,January,0.07600000000000007,LONG
LI,2023-01-15,January,0.18000000000000016,LONG
BABA,2023-01-15,January,-0.16799999999999993,SHORT
JD,2023-01-15,January,0.15200000000000014,LONG
PDD,2023-01-15,January,0.04800000000000004,LONG
BIDU,2023-01-15,January,-0.04800000000000004,SHORT
MELI,2023-01-15,January,-0.03600000000000003,SHORT
SE,2023-01-15,January,0.19200000000000017,LONG
CPNG,2023-01-15,January,-0.03200000000000003,SHORT
DIDI,2023-01-15,January,-0.08800000000000008,SHORT
AI,2023-01-15,January,0.13600000000000012,LONG
PATH,2023-01-15,January,-0.01200000000000001,SHORT
BRK.B,2023-01-15,January,0.12400000000000011,LONG
WBA,2023-01-15,January,0.05600000000000005,LONG
MDLZ,2023-01-15,January,0.028000000000000025,LONG
GM,2023-01-15,January,0.17600000000000016,LONG
F,2023-01-15,January,-0.136,SHORT
DAL,2023-01-15,January,0.020000000000000018,LONG
UAL,2023-01-15,January,0.08800000000000008,LONG
AAL,2023-01-15,January,0.008000000000000007,LONG
LUV,2023-01-15,January,0.17200000000000015,LONG
CCL,2023-01-15,January,0.02400000000000002,LONG
RCL,2023-01-15,January,0.08400000000000007,LONG
NCLH,2023-01-15,January,-0.04400000000000004,SHORT
MGM,2023-01-15,January,0.08400000000000007,LONG
WYNN,2023-01-15,January,0.1120000000000001,LONG
LVS,2023-01-15,January,0.16400000000000015,LONG
ETSY,2023-01-15,January,0.08400000000000007,LONG
FTNT,2023-01-15,January,0.04800000000000004,LONG
HUBS,2023-01-15,January,0.008000000000000007,LONG
TTD,2023-01-15,January,0.1280000000000001,LONG
BILL,2023-01-15,January,-0.052000000000000046,SHORT
DKNG,2023-01-15,January,-0.04800000000000004,SHORT
PENN,2023-01-15,January,0.0040000000000000036,LONG
PTON,2023-01-15,January,0.06800000000000006,LONG
Z,2023-01-15,January,-0.05600000000000005,SHORT
UPST,2023-01-15,January,0.1120000000000001,LONG
AFRM,2023-01-15,January,-0.040000000000000036,SHORT
SOFI,2023-01-15,January,0.0040000000000000036,LONG
HOOD,2023-01-15,January,-0.02400000000000002,SHORT
MSTR,2023-01-15,January,0.08800000000000008,LONG
RIOT,2023-01-15,January,0.05600000000000005,LONG
MARA,2023-01-15,January,-0.06000000000000005,SHORT
TDOC,2023-01-15,January,-0.02400000000000002,SHORT
CRISPR,2023-01-15,January,-0.14800000000000002,SHORT
EXAS,2023-01-15,January,0.0040000000000000036,LONG
NVAX,2023-01-15,January,0.052000000000000046,LONG
SRPT,2023-01-15,January,0.10000000000000009,LONG
SGEN,2023-01-15,January,-0.01200000000000001,SHORT
ENPH,2023-01-15,January,-0.020000000000000018,SHORT
SEDG,2023-01-15,January,-0.052000000000000046,SHORT
RUN,2023-01-15,January,0.16400000000000015,LONG
FSLR,2023-01-15,January,0.028000000000000025,LONG
PLUG,2023-01-15,January,0.03200000000000003,LONG
CHPT,2023-01-15,January,-0.0040000000000000036,SHORT
BLNK,2023-01-15,January,-0.03600000000000003,SHORT
ALB,2023-01-15,January,0.01200000000000001,LONG
MP,2023-01-15,January,-0.18799999999999994,SHORT
PANW,2023-01-15,January,0.02400000000000002,LONG
FTNT,2023-01-15,January,0.04800000000000004,LONG
CRWD,2023-01-15,January,0.0,LONG
ZS,2023-01-15,January,-0.12400000000000011,SHORT
OKTA,2023-01-15,January,-0.0040000000000000036,SHORT
NET,2023-01-15,January,0.1080000000000001,LONG
S,2023-01-15,January,-0.08400000000000007,SHORT
ASML,2023-01-15,January,-0.01200000000000001,SHORT
LRCX,2023-01-15,January,0.03600000000000003,LONG
AMAT,2023-01-15,January,-0.052000000000000046,SHORT
KLAC,2023-01-15,January,-0.08400000000000007,SHORT
TER,2023-01-15,January,0.12400000000000011,LONG
TSM,2023-01-15,January,0.16000000000000014,LONG
ASML,2023-01-15,January,-0.01200000000000001,SHORT
TM,2023-01-15,January,-0.17199999999999993,SHORT
SONY,2023-01-15,January,0.10000000000000009,LONG
BABA,2023-01-15,January,-0.16799999999999993,SHORT
JD,2023-01-15,January,0.15200000000000014,LONG
PDD,2023-01-15,January,0.04800000000000004,LONG
BIDU,2023-01-15,January,-0.04800000000000004,SHORT
NIO,2023-01-15,January,0.10400000000000009,LONG
XPEV,2023-01-15,January,0.07600000000000007,LONG
LI,2023-01-15,January,0.18000000000000016,LONG
TCEHY,2023-01-15,January,-0.09200000000000008,SHORT
NTES,2023-01-15,January,0.040000000000000036,LONG
BILI,2023-01-15,January,-0.06400000000000006,SHORT
SE,2023-01-15,January,0.19200000000000017,LONG
SHOP,2023-01-15,January,0.040000000000000036,LONG
SAP,2023-01-15,January,0.09600000000000009,LONG
AZN,2023-01-15,January,0.1160000000000001,LONG
GSK,2023-01-15,January,0.10000000000000009,LONG
NVO,2023-01-15,January,0.15600000000000014,LONG
RIO,2023-01-15,January,0.1200000000000001,LONG
BHP,2023-01-15,January,0.05600000000000005,LONG
BP,2023-01-15,January,0.16800000000000015,LONG
TOT,2023-01-15,January,0.17200000000000015,LONG
HSBC,2023-01-15,January,-0.06400000000000006,SHORT
UBS,2023-01-15,January,0.1200000000000001,LONG
DB,2023-01-15,January,0.1200000000000001,LONG
CS,2023-01-15,January,0.18400000000000016,LONG
BTI,2023-01-15,January,0.07600000000000007,LONG
DEO,2023-01-15,January,0.04800000000000004,LONG
UN,2023-01-15,January,-0.16399999999999992,SHORT
UL,2023-01-15,January,-0.17199999999999993,SHORT
SPY,2023-03-15,March,0.040000000000000036,LONG
QQQ,2023-03-15,March,0.0040000000000000036,LONG
DIA,2023-03-15,March,-0.14400000000000002,SHORT
IWM,2023-03-15,March,-0.020000000000000018,SHORT
VTI,2023-03-15,March,0.0040000000000000036,LONG
VOO,2023-03-15,March,0.008000000000000007,LONG
VGT,2023-03-15,March,-0.0040000000000000036,SHORT
XLF,2023-03-15,March,-0.03200000000000003,SHORT
XLV,2023-03-15,March,0.03200000000000003,LONG
XLE,2023-03-15,March,0.5104924270912004,LONG
XLK,2023-03-15,March,-0.01200000000000001,SHORT
XLI,2023-03-15,March,-0.020000000000000018,SHORT
XLP,2023-03-15,March,0.008000000000000007,LONG
XLY,2023-03-15,March,0.04400000000000004,LONG
XLB,2023-03-15,March,-0.04800000000000004,SHORT
XLU,2023-03-15,March,0.538696742348131,LONG
XLRE,2023-03-15,March,-0.1080000000000001,SHORT
XLC,2023-03-15,March,-0.04400000000000004,SHORT
AAPL,2023-03-15,March,0.17600000000000016,LONG
MSFT,2023-03-15,March,-0.1120000000000001,SHORT
AMZN,2023-03-15,March,-0.1280000000000001,SHORT
GOOGL,2023-03-15,March,0.13600000000000012,LONG
GOOG,2023-03-15,March,-0.16799999999999993,SHORT
META,2023-03-15,March,-0.18799999999999994,SHORT
NVDA,2023-03-15,March,0.6825781349361435,LONG
AMD,2023-03-15,March,-0.1280000000000001,SHORT
INTC,2023-03-15,March,-0.15999999999999992,SHORT
CSCO,2023-03-15,March,-0.18399999999999994,SHORT
ORCL,2023-03-15,March,-0.15200000000000014,SHORT
IBM,2023-03-15,March,-0.10400000000000009,SHORT
ADBE,2023-03-15,March,0.10400000000000009,LONG
CRM,2023-03-15,March,-0.06400000000000006,SHORT
PYPL,2023-03-15,March,-0.06800000000000006,SHORT
NFLX,2023-03-15,March,-0.1200000000000001,SHORT
TSLA,2023-03-15,March,-0.136,SHORT
AVGO,2023-03-15,March,-0.16399999999999992,SHORT
TXN,2023-03-15,March,0.03200000000000003,LONG
QCOM,2023-03-15,March,-0.15200000000000014,SHORT
MU,2023-03-15,March,0.08000000000000007,LONG
AMAT,2023-03-15,March,0.19600000000000017,LONG
ADI,2023-03-15,March,-0.14400000000000002,SHORT
LRCX,2023-03-15,March,-0.1160000000000001,SHORT
KLAC,2023-03-15,March,0.16400000000000015,LONG
SNPS,2023-03-15,March,-0.07200000000000006,SHORT
CDNS,2023-03-15,March,-0.18399999999999994,SHORT
INTU,2023-03-15,March,-0.08800000000000008,SHORT
NOW,2023-03-15,March,0.008000000000000007,LONG
WDAY,2023-03-15,March,-0.132,SHORT
TEAM,2023-03-15,March,-0.18799999999999994,SHORT
ZS,2023-03-15,March,0.12400000000000011,LONG
OKTA,2023-03-15,March,-0.15600000000000014,SHORT
CRWD,2023-03-15,March,-0.15200000000000014,SHORT
NET,2023-03-15,March,-0.04400000000000004,SHORT
DDOG,2023-03-15,March,0.17600000000000016,LONG
SNOW,2023-03-15,March,-0.06000000000000005,SHORT
JPM,2023-03-15,March,-0.04400000000000004,SHORT
BAC,2023-03-15,March,-0.17599999999999993,SHORT
WFC,2023-03-15,March,-0.07200000000000006,SHORT
C,2023-03-15,March,0.10000000000000009,LONG
GS,2023-03-15,March,0.04800000000000004,LONG
MS,2023-03-15,March,0.07200000000000006,LONG
BLK,2023-03-15,March,-0.10000000000000009,SHORT
AXP,2023-03-15,March,-0.03600000000000003,SHORT
V,2023-03-15,March,0.17600000000000016,LONG
MA,2023-03-15,March,0.0,LONG
SCHW,2023-03-15,March,-0.132,SHORT
PNC,2023-03-15,March,-0.06800000000000006,SHORT
USB,2023-03-15,March,-0.03200000000000003,SHORT
TFC,2023-03-15,March,-0.08400000000000007,SHORT
COF,2023-03-15,March,-0.10400000000000009,SHORT
BK,2023-03-15,March,-0.0040000000000000036,SHORT
STT,2023-03-15,March,0.03600000000000003,LONG
DFS,2023-03-15,March,-0.08400000000000007,SHORT
AIG,2023-03-15,March,-0.132,SHORT
MET,2023-03-15,March,-0.04800000000000004,SHORT
PRU,2023-03-15,March,0.020000000000000018,LONG
ALL,2023-03-15,March,-0.10000000000000009,SHORT
TRV,2023-03-15,March,0.040000000000000036,LONG
CB,2023-03-15,March,-0.03600000000000003,SHORT
PGR,2023-03-15,March,-0.03600000000000003,SHORT
MMC,2023-03-15,March,-0.08400000000000007,SHORT
AON,2023-03-15,March,-0.08000000000000007,SHORT
ICE,2023-03-15,March,-0.132,SHORT
CME,2023-03-15,March,-0.1160000000000001,SHORT
SPGI,2023-03-15,March,-0.14,SHORT
MCO,2023-03-15,March,-0.07600000000000007,SHORT
JNJ,2023-03-15,March,-0.06400000000000006,SHORT
PFE,2023-03-15,March,-0.09200000000000008,SHORT
MRK,2023-03-15,March,0.5749629954786728,LONG
ABBV,2023-03-15,March,0.3808144996069438,LONG
LLY,2023-03-15,March,-0.0040000000000000036,SHORT
ABT,2023-03-15,March,-0.1080000000000001,SHORT
TMO,2023-03-15,March,-0.008000000000000007,SHORT
DHR,2023-03-15,March,-0.08000000000000007,SHORT
UNH,2023-03-15,March,0.4720204346286001,LONG
CVS,2023-03-15,March,-0.02400000000000002,SHORT
AMGN,2023-03-15,March,0.38401691114398173,LONG
GILD,2023-03-15,March,0.18400000000000016,LONG
ISRG,2023-03-15,March,-0.132,SHORT
REGN,2023-03-15,March,-0.16799999999999993,SHORT
VRTX,2023-03-15,March,-0.008000000000000007,SHORT
MRNA,2023-03-15,March,-0.15999999999999992,SHORT
BIIB,2023-03-15,March,0.14400000000000013,LONG
BMY,2023-03-15,March,-0.040000000000000036,SHORT
MDT,2023-03-15,March,-0.052000000000000046,SHORT
SYK,2023-03-15,March,0.020000000000000018,LONG
BSX,2023-03-15,March,-0.020000000000000018,SHORT
ZTS,2023-03-15,March,0.06000000000000005,LONG
DXCM,2023-03-15,March,-0.16799999999999993,SHORT
ILMN,2023-03-15,March,-0.15200000000000014,SHORT
IDXX,2023-03-15,March,-0.10000000000000009,SHORT
EW,2023-03-15,March,0.05600000000000005,LONG
HUM,2023-03-15,March,-0.03200000000000003,SHORT
CI,2023-03-15,March,-0.008000000000000007,SHORT
ANTM,2023-03-15,March,-0.15200000000000014,SHORT
CNC,2023-03-15,March,-0.1200000000000001,SHORT
BDX,2023-03-15,March,-0.08000000000000007,SHORT
BAX,2023-03-15,March,-0.09200000000000008,SHORT
PG,2023-03-15,March,0.03600000000000003,LONG
KO,2023-03-15,March,0.04800000000000004,LONG
PEP,2023-03-15,March,-0.052000000000000046,SHORT
WMT,2023-03-15,March,0.02400000000000002,LONG
COST,2023-03-15,March,-0.1160000000000001,SHORT
HD,2023-03-15,March,-0.008000000000000007,SHORT
LOW,2023-03-15,March,0.0,LONG
MCD,2023-03-15,March,-0.1200000000000001,SHORT
SBUX,2023-03-15,March,-0.08000000000000007,SHORT
NKE,2023-03-15,March,-0.08000000000000007,SHORT
DIS,2023-03-15,March,-0.07200000000000006,SHORT
CMCSA,2023-03-15,March,0.06800000000000006,LONG
TGT,2023-03-15,March,-0.01200000000000001,SHORT
BKNG,2023-03-15,March,0.19200000000000017,LONG
EXPE,2023-03-15,March,-0.14400000000000002,SHORT
MAR,2023-03-15,March,-0.07200000000000006,SHORT
HLT,2023-03-15,March,-0.040000000000000036,SHORT
YUM,2023-03-15,March,0.03600000000000003,LONG
QSR,2023-03-15,March,0.016000000000000014,LONG
MO,2023-03-15,March,0.05600000000000005,LONG
PM,2023-03-15,March,0.06000000000000005,LONG
KHC,2023-03-15,March,-0.1120000000000001,SHORT
GIS,2023-03-15,March,-0.06000000000000005,SHORT
K,2023-03-15,March,0.13200000000000012,LONG
CL,2023-03-15,March,0.0040000000000000036,LONG
CLX,2023-03-15,March,-0.04400000000000004,SHORT
CHD,2023-03-15,March,-0.14,SHORT
EL,2023-03-15,March,0.01200000000000001,LONG
ULTA,2023-03-15,March,-0.1280000000000001,SHORT
VFC,2023-03-15,March,-0.07600000000000007,SHORT
TPR,2023-03-15,March,0.016000000000000014,LONG
RL,2023-03-15,March,0.06400000000000006,LONG
GE,2023-03-15,March,-0.008000000000000007,SHORT
HON,2023-03-15,March,-0.052000000000000046,SHORT
MMM,2023-03-15,March,-0.04400000000000004,SHORT
CAT,2023-03-15,March,0.37613419087545363,LONG
DE,2023-03-15,March,0.552258105292166,LONG
BA,2023-03-15,March,-0.04400000000000004,SHORT
LMT,2023-03-15,March,0.43636908482234205,LONG
RTX,2023-03-15,March,0.04800000000000004,LONG
GD,2023-03-15,March,-0.01200000000000001,SHORT
NOC,2023-03-15,March,-0.07200000000000006,SHORT
UPS,2023-03-15,March,0.02400000000000002,LONG
FDX,2023-03-15,March,0.4474895024736092,LONG
UNP,2023-03-15,March,0.0040000000000000036,LONG
CSX,2023-03-15,March,-0.016000000000000014,SHORT
NSC,2023-03-15,March,-0.05600000000000005,SHORT
EMR,2023-03-15,March,-0.05600000000000005,SHORT
ETN,2023-03-15,March,-0.04400000000000004,SHORT
PH,2023-03-15,March,0.040000000000000036,LONG
ITW,2023-03-15,March,0.008000000000000007,LONG
CMI,2023-03-15,March,-0.10000000000000009,SHORT
ROK,2023-03-15,March,-0.02400000000000002,SHORT
IR,2023-03-15,March,0.052000000000000046,LONG
DOV,2023-03-15,March,-0.03600000000000003,SHORT
SWK,2023-03-15,March,0.01200000000000001,LONG
URI,2023-03-15,March,-0.008000000000000007,SHORT
PCAR,2023-03-15,March,-0.19199999999999995,SHORT
WAB,2023-03-15,March,-0.09600000000000009,SHORT
XOM,2023-03-15,March,0.008000000000000007,LONG
CVX,2023-03-15,March,0.5394445363574769,LONG
COP,2023-03-15,March,-0.06400000000000006,SHORT
EOG,2023-03-15,March,0.5441246622896063,LONG
PXD,2023-03-15,March,-0.02400000000000002,SHORT
OXY,2023-03-15,March,0.05600000000000005,LONG
MPC,2023-03-15,March,-0.07200000000000006,SHORT
PSX,2023-03-15,March,0.5683538165500144,LONG
VLO,2023-03-15,March,0.5970016680956698,LONG
KMI,2023-03-15,March,-0.06800000000000006,SHORT
WMB,2023-03-15,March,-0.04800000000000004,SHORT
ET,2023-03-15,March,0.04400000000000004,LONG
EPD,2023-03-15,March,-0.10000000000000009,SHORT
SLB,2023-03-15,March,-0.06800000000000006,SHORT
HAL,2023-03-15,March,-0.1160000000000001,SHORT
BKR,2023-03-15,March,-0.07600000000000007,SHORT
LIN,2023-03-15,March,0.68860401693814,LONG
APD,2023-03-15,March,-0.1160000000000001,SHORT
SHW,2023-03-15,March,0.0,LONG
FCX,2023-03-15,March,-0.06800000000000006,SHORT
NEM,2023-03-15,March,0.4711557789417975,LONG
GOLD,2023-03-15,March,-0.19199999999999995,SHORT
NUE,2023-03-15,March,-0.040000000000000036,SHORT
STLD,2023-03-15,March,-0.12400000000000011,SHORT
DOW,2023-03-15,March,-0.03200000000000003,SHORT
DD,2023-03-15,March,-0.02400000000000002,SHORT
ECL,2023-03-15,March,-0.1200000000000001,SHORT
PPG,2023-03-15,March,-0.04400000000000004,SHORT
ALB,2023-03-15,March,-0.14,SHORT
CF,2023-03-15,March,-0.020000000000000018,SHORT
MOS,2023-03-15,March,-0.01200000000000001,SHORT
NEE,2023-03-15,March,0.6338186895590829,LONG
DUK,2023-03-15,March,0.41328740527534125,LONG
SO,2023-03-15,March,0.45921320594163806,LONG
D,2023-03-15,March,0.10400000000000009,LONG
AEP,2023-03-15,March,-0.1120000000000001,SHORT
EXC,2023-03-15,March,-0.07200000000000006,SHORT
SRE,2023-03-15,March,-0.03200000000000003,SHORT
PCG,2023-03-15,March,-0.09600000000000009,SHORT
ED,2023-03-15,March,-0.020000000000000018,SHORT
XEL,2023-03-15,March,-0.03600000000000003,SHORT
WEC,2023-03-15,March,-0.07600000000000007,SHORT
ES,2023-03-15,March,0.040000000000000036,LONG
PEG,2023-03-15,March,-0.08800000000000008,SHORT
DTE,2023-03-15,March,-0.08400000000000007,SHORT
FE,2023-03-15,March,-0.01200000000000001,SHORT
AMT,2023-03-15,March,-0.06400000000000006,SHORT
CCI,2023-03-15,March,0.431932226561647,LONG
EQIX,2023-03-15,March,-0.12400000000000011,SHORT
PLD,2023-03-15,March,-0.07200000000000006,SHORT
PSA,2023-03-15,March,-0.05600000000000005,SHORT
WELL,2023-03-15,March,-0.136,SHORT
AVB,2023-03-15,March,-0.10000000000000009,SHORT
EQR,2023-03-15,March,-0.040000000000000036,SHORT
DLR,2023-03-15,March,-0.06400000000000006,SHORT
O,2023-03-15,March,0.14800000000000013,LONG
SPG,2023-03-15,March,-0.03200000000000003,SHORT
VICI,2023-03-15,March,-0.17199999999999993,SHORT
T,2023-03-15,March,0.16800000000000015,LONG
VZ,2023-03-15,March,0.13600000000000012,LONG
TMUS,2023-03-15,March,-0.052000000000000046,SHORT
CHTR,2023-03-15,March,-0.14800000000000002,SHORT
EA,2023-03-15,March,-0.03200000000000003,SHORT
ATVI,2023-03-15,March,-0.136,SHORT
TTWO,2023-03-15,March,-0.03200000000000003,SHORT
MTCH,2023-03-15,March,-0.16799999999999993,SHORT
PINS,2023-03-15,March,-0.1120000000000001,SHORT
SNAP,2023-03-15,March,-0.14400000000000002,SHORT
TWTR,2023-03-15,March,-0.020000000000000018,SHORT
SHOP,2023-03-15,March,-0.1120000000000001,SHORT
SQ,2023-03-15,March,0.08800000000000008,LONG
ROKU,2023-03-15,March,-0.08400000000000007,SHORT
ZM,2023-03-15,March,0.10000000000000009,LONG
DOCU,2023-03-15,March,-0.17199999999999993,SHORT
TWLO,2023-03-15,March,-0.06400000000000006,SHORT
ABNB,2023-03-15,March,0.13200000000000012,LONG
DASH,2023-03-15,March,0.18400000000000016,LONG
UBER,2023-03-15,March,-0.15999999999999992,SHORT
LYFT,2023-03-15,March,-0.09200000000000008,SHORT
RBLX,2023-03-15,March,-0.1200000000000001,SHORT
U,2023-03-15,March,0.17200000000000015,LONG
PLTR,2023-03-15,March,-0.08000000000000007,SHORT
COIN,2023-03-15,March,-0.17999999999999994,SHORT
RIVN,2023-03-15,March,-0.09200000000000008,SHORT
LCID,2023-03-15,March,0.16800000000000015,LONG
NIO,2023-03-15,March,-0.04800000000000004,SHORT
XPEV,2023-03-15,March,-0.07600000000000007,SHORT
LI,2023-03-15,March,0.028000000000000025,LONG
BABA,2023-03-15,March,0.08000000000000007,LONG
JD,2023-03-15,March,0.0,LONG
PDD,2023-03-15,March,-0.10400000000000009,SHORT
BIDU,2023-03-15,March,-0.19999999999999996,SHORT
MELI,2023-03-15,March,-0.18799999999999994,SHORT
SE,2023-03-15,March,0.040000000000000036,LONG
CPNG,2023-03-15,March,-0.18399999999999994,SHORT
DIDI,2023-03-15,March,0.16000000000000014,LONG
AI,2023-03-15,March,-0.016000000000000014,SHORT
PATH,2023-03-15,March,-0.16399999999999992,SHORT
BRK.B,2023-03-15,March,-0.028000000000000025,SHORT
WBA,2023-03-15,March,-0.09600000000000009,SHORT
MDLZ,2023-03-15,March,-0.12400000000000011,SHORT
GM,2023-03-15,March,0.02400000000000002,LONG
F,2023-03-15,March,0.1120000000000001,LONG
DAL,2023-03-15,March,-0.132,SHORT
UAL,2023-03-15,March,-0.06400000000000006,SHORT
AAL,2023-03-15,March,-0.14400000000000002,SHORT
LUV,2023-03-15,March,0.020000000000000018,LONG
CCL,2023-03-15,March,-0.1280000000000001,SHORT
RCL,2023-03-15,March,-0.06800000000000006,SHORT
NCLH,2023-03-15,March,-0.19599999999999995,SHORT
MGM,2023-03-15,March,-0.06800000000000006,SHORT
WYNN,2023-03-15,March,-0.040000000000000036,SHORT
LVS,2023-03-15,March,0.01200000000000001,LONG
ETSY,2023-03-15,March,-0.06800000000000006,SHORT
FTNT,2023-03-15,March,-0.10400000000000009,SHORT
HUBS,2023-03-15,March,-0.14400000000000002,SHORT
TTD,2023-03-15,March,-0.02400000000000002,SHORT
BILL,2023-03-15,March,0.19600000000000017,LONG
DKNG,2023-03-15,March,-0.19999999999999996,SHORT
PENN,2023-03-15,March,-0.14800000000000002,SHORT
PTON,2023-03-15,March,-0.08400000000000007,SHORT
Z,2023-03-15,March,0.19200000000000017,LONG
UPST,2023-03-15,March,-0.040000000000000036,SHORT
AFRM,2023-03-15,March,-0.19199999999999995,SHORT
SOFI,2023-03-15,March,-0.14800000000000002,SHORT
HOOD,2023-03-15,March,-0.17599999999999993,SHORT
MSTR,2023-03-15,March,-0.06400000000000006,SHORT
RIOT,2023-03-15,March,-0.09600000000000009,SHORT
MARA,2023-03-15,March,0.18800000000000017,LONG
TDOC,2023-03-15,March,-0.17599999999999993,SHORT
CRISPR,2023-03-15,March,0.10000000000000009,LONG
EXAS,2023-03-15,March,-0.14800000000000002,SHORT
NVAX,2023-03-15,March,-0.10000000000000009,SHORT
SRPT,2023-03-15,March,-0.052000000000000046,SHORT
SGEN,2023-03-15,March,-0.16399999999999992,SHORT
ENPH,2023-03-15,March,-0.17199999999999993,SHORT
SEDG,2023-03-15,March,0.19600000000000017,LONG
RUN,2023-03-15,March,0.01200000000000001,LONG
FSLR,2023-03-15,March,-0.12400000000000011,SHORT
PLUG,2023-03-15,March,-0.1200000000000001,SHORT
CHPT,2023-03-15,March,-0.15600000000000014,SHORT
BLNK,2023-03-15,March,-0.18799999999999994,SHORT
ALB,2023-03-15,March,-0.14,SHORT
MP,2023-03-15,March,0.06000000000000005,LONG
PANW,2023-03-15,March,-0.1280000000000001,SHORT
FTNT,2023-03-15,March,-0.10400000000000009,SHORT
CRWD,2023-03-15,March,-0.15200000000000014,SHORT
ZS,2023-03-15,March,0.12400000000000011,LONG
OKTA,2023-03-15,March,-0.15600000000000014,SHORT
NET,2023-03-15,March,-0.04400000000000004,SHORT
S,2023-03-15,March,0.16400000000000015,LONG
ASML,2023-03-15,March,-0.16399999999999992,SHORT
LRCX,2023-03-15,March,-0.1160000000000001,SHORT
AMAT,2023-03-15,March,0.19600000000000017,LONG
KLAC,2023-03-15,March,0.16400000000000015,LONG
TER,2023-03-15,March,-0.028000000000000025,SHORT
TSM,2023-03-15,March,0.008000000000000007,LONG
ASML,2023-03-15,March,-0.16399999999999992,SHORT
TM,2023-03-15,March,0.07600000000000007,LONG
SONY,2023-03-15,March,-0.052000000000000046,SHORT
BABA,2023-03-15,March,0.08000000000000007,LONG
JD,2023-03-15,March,0.0,LONG
PDD,2023-03-15,March,-0.10400000000000009,SHORT
BIDU,2023-03-15,March,-0.19999999999999996,SHORT
NIO,2023-03-15,March,-0.04800000000000004,SHORT
XPEV,2023-03-15,March,-0.07600000000000007,SHORT
LI,2023-03-15,March,0.028000000000000025,LONG
TCEHY,2023-03-15,March,0.15600000000000014,LONG
NTES,2023-03-15,March,-0.1120000000000001,SHORT
BILI,2023-03-15,March,0.18400000000000016,LONG
SE,2023-03-15,March,0.040000000000000036,LONG
SHOP,2023-03-15,March,-0.1120000000000001,SHORT
SAP,2023-03-15,March,-0.05600000000000005,SHORT
AZN,2023-03-15,March,-0.03600000000000003,SHORT
GSK,2023-03-15,March,-0.052000000000000046,SHORT
NVO,2023-03-15,March,0.0040000000000000036,LONG
RIO,2023-03-15,March,-0.03200000000000003,SHORT
BHP,2023-03-15,March,-0.09600000000000009,SHORT
BP,2023-03-15,March,0.016000000000000014,LONG
TOT,2023-03-15,March,0.020000000000000018,LONG
HSBC,2023-03-15,March,0.18400000000000016,LONG
UBS,2023-03-15,March,-0.03200000000000003,SHORT
DB,2023-03-15,March,-0.03200000000000003,SHORT
CS,2023-03-15,March,0.03200000000000003,LONG
BTI,2023-03-15,March,-0.07600000000000007,SHORT
DEO,2023-03-15,March,-0.10400000000000009,SHORT
UN,2023-03-15,March,0.08400000000000007,LONG
UL,2023-03-15,March,0.07600000000000007,LONG
SPY,2023-06-15,June,0.01200000000000001,LONG
QQQ,2023-06-15,June,-0.02400000000000002,SHORT
DIA,2023-06-15,June,-0.17199999999999993,SHORT
IWM,2023-06-15,June,-0.04800000000000004,SHORT
VTI,2023-06-15,June,-0.02400000000000002,SHORT
VOO,2023-06-15,June,-0.020000000000000018,SHORT
VGT,2023-06-15,June,-0.03200000000000003,SHORT
XLF,2023-06-15,June,-0.06000000000000005,SHORT
XLV,2023-06-15,June,0.0040000000000000036,LONG
XLE,2023-06-15,June,-0.06400000000000006,SHORT
XLK,2023-06-15,June,-0.040000000000000036,SHORT
XLI,2023-06-15,June,-0.04800000000000004,SHORT
XLP,2023-06-15,June,-0.020000000000000018,SHORT
XLY,2023-06-15,June,0.016000000000000014,LONG
XLB,2023-06-15,June,-0.07600000000000007,SHORT
XLU,2023-06-15,June,0.0,LONG
XLRE,2023-06-15,June,-0.136,SHORT
XLC,2023-06-15,June,-0.07200000000000006,SHORT
AAPL,2023-06-15,June,0.14800000000000013,LONG
MSFT,2023-06-15,June,-0.14,SHORT
AMZN,2023-06-15,June,-0.15600000000000014,SHORT
GOOGL,2023-06-15,June,0.1080000000000001,LONG
GOOG,2023-06-15,June,-0.19599999999999995,SHORT
META,2023-06-15,June,0.18400000000000016,LONG
NVDA,2023-06-15,June,0.19200000000000017,LONG
AMD,2023-06-15,June,-0.15600000000000014,SHORT
INTC,2023-06-15,June,-0.18799999999999994,SHORT
CSCO,2023-06-15,June,0.18800000000000017,LONG
ORCL,2023-06-15,June,-0.17999999999999994,SHORT
IBM,2023-06-15,June,-0.132,SHORT
ADBE,2023-06-15,June,0.07600000000000007,LONG
CRM,2023-06-15,June,-0.09200000000000008,SHORT
PYPL,2023-06-15,June,-0.09600000000000009,SHORT
NFLX,2023-06-15,June,-0.14800000000000002,SHORT
TSLA,2023-06-15,June,-0.16399999999999992,SHORT
AVGO,2023-06-15,June,-0.19199999999999995,SHORT
TXN,2023-06-15,June,0.0040000000000000036,LONG
QCOM,2023-06-15,June,-0.17999999999999994,SHORT
MU,2023-06-15,June,0.052000000000000046,LONG
AMAT,2023-06-15,June,0.16800000000000015,LONG
ADI,2023-06-15,June,-0.17199999999999993,SHORT
LRCX,2023-06-15,June,-0.14400000000000002,SHORT
KLAC,2023-06-15,June,0.13600000000000012,LONG
SNPS,2023-06-15,June,-0.10000000000000009,SHORT
CDNS,2023-06-15,June,0.18800000000000017,LONG
INTU,2023-06-15,June,-0.1160000000000001,SHORT
NOW,2023-06-15,June,-0.020000000000000018,SHORT
WDAY,2023-06-15,June,-0.15999999999999992,SHORT
TEAM,2023-06-15,June,0.18400000000000016,LONG
ZS,2023-06-15,June,0.09600000000000009,LONG
OKTA,2023-06-15,June,-0.18399999999999994,SHORT
CRWD,2023-06-15,June,-0.17999999999999994,SHORT
NET,2023-06-15,June,-0.07200000000000006,SHORT
DDOG,2023-06-15,June,0.14800000000000013,LONG
SNOW,2023-06-15,June,-0.08800000000000008,SHORT
JPM,2023-06-15,June,-0.07200000000000006,SHORT
BAC,2023-06-15,June,0.19600000000000017,LONG
WFC,2023-06-15,June,-0.10000000000000009,SHORT
C,2023-06-15,June,0.07200000000000006,LONG
GS,2023-06-15,June,0.020000000000000018,LONG
MS,2023-06-15,June,0.04400000000000004,LONG
BLK,2023-06-15,June,-0.1280000000000001,SHORT
AXP,2023-06-15,June,-0.06400000000000006,SHORT
V,2023-06-15,June,0.14800000000000013,LONG
MA,2023-06-15,June,-0.028000000000000025,SHORT
SCHW,2023-06-15,June,-0.15999999999999992,SHORT
PNC,2023-06-15,June,-0.09600000000000009,SHORT
USB,2023-06-15,June,-0.06000000000000005,SHORT
TFC,2023-06-15,June,-0.1120000000000001,SHORT
COF,2023-06-15,June,-0.132,SHORT
BK,2023-06-15,June,-0.03200000000000003,SHORT
STT,2023-06-15,June,0.008000000000000007,LONG
DFS,2023-06-15,June,-0.1120000000000001,SHORT
AIG,2023-06-15,June,-0.15999999999999992,SHORT
MET,2023-06-15,June,-0.07600000000000007,SHORT
PRU,2023-06-15,June,-0.008000000000000007,SHORT
ALL,2023-06-15,June,-0.1280000000000001,SHORT
TRV,2023-06-15,June,0.01200000000000001,LONG
CB,2023-06-15,June,-0.06400000000000006,SHORT
PGR,2023-06-15,June,-0.06400000000000006,SHORT
MMC,2023-06-15,June,-0.1120000000000001,SHORT
AON,2023-06-15,June,-0.1080000000000001,SHORT
ICE,2023-06-15,June,-0.15999999999999992,SHORT
CME,2023-06-15,June,-0.14400000000000002,SHORT
SPGI,2023-06-15,June,-0.16799999999999993,SHORT
MCO,2023-06-15,June,-0.10400000000000009,SHORT
JNJ,2023-06-15,June,-0.09200000000000008,SHORT
PFE,2023-06-15,June,-0.1200000000000001,SHORT
MRK,2023-06-15,June,-0.06000000000000005,SHORT
ABBV,2023-06-15,June,0.13600000000000012,LONG
LLY,2023-06-15,June,-0.03200000000000003,SHORT
ABT,2023-06-15,June,-0.136,SHORT
TMO,2023-06-15,June,-0.03600000000000003,SHORT
DHR,2023-06-15,June,-0.1080000000000001,SHORT
UNH,2023-06-15,June,-0.05600000000000005,SHORT
CVS,2023-06-15,June,-0.052000000000000046,SHORT
AMGN,2023-06-15,June,0.16800000000000015,LONG
GILD,2023-06-15,June,0.15600000000000014,LONG
ISRG,2023-06-15,June,-0.15999999999999992,SHORT
REGN,2023-06-15,June,-0.19599999999999995,SHORT
VRTX,2023-06-15,June,-0.03600000000000003,SHORT
MRNA,2023-06-15,June,-0.18799999999999994,SHORT
BIIB,2023-06-15,June,0.1160000000000001,LONG
BMY,2023-06-15,June,-0.06800000000000006,SHORT
MDT,2023-06-15,June,-0.08000000000000007,SHORT
SYK,2023-06-15,June,-0.008000000000000007,SHORT
BSX,2023-06-15,June,-0.04800000000000004,SHORT
ZTS,2023-06-15,June,0.03200000000000003,LONG
DXCM,2023-06-15,June,-0.19599999999999995,SHORT
ILMN,2023-06-15,June,-0.17999999999999994,SHORT
IDXX,2023-06-15,June,-0.1280000000000001,SHORT
EW,2023-06-15,June,0.028000000000000025,LONG
HUM,2023-06-15,June,-0.06000000000000005,SHORT
CI,2023-06-15,June,-0.03600000000000003,SHORT
ANTM,2023-06-15,June,-0.17999999999999994,SHORT
CNC,2023-06-15,June,-0.14800000000000002,SHORT
BDX,2023-06-15,June,-0.1080000000000001,SHORT
BAX,2023-06-15,June,-0.1200000000000001,SHORT
PG,2023-06-15,June,0.008000000000000007,LONG
KO,2023-06-15,June,0.020000000000000018,LONG
PEP,2023-06-15,June,-0.08000000000000007,SHORT
WMT,2023-06-15,June,-0.0040000000000000036,SHORT
COST,2023-06-15,June,-0.14400000000000002,SHORT
HD,2023-06-15,June,-0.03600000000000003,SHORT
LOW,2023-06-15,June,-0.028000000000000025,SHORT
MCD,2023-06-15,June,-0.14800000000000002,SHORT
SBUX,2023-06-15,June,-0.1080000000000001,SHORT
NKE,2023-06-15,June,-0.1080000000000001,SHORT
DIS,2023-06-15,June,-0.10000000000000009,SHORT
CMCSA,2023-06-15,June,0.040000000000000036,LONG
TGT,2023-06-15,June,-0.040000000000000036,SHORT
BKNG,2023-06-15,June,0.16400000000000015,LONG
EXPE,2023-06-15,June,-0.17199999999999993,SHORT
MAR,2023-06-15,June,-0.10000000000000009,SHORT
HLT,2023-06-15,June,-0.06800000000000006,SHORT
YUM,2023-06-15,June,0.008000000000000007,LONG
QSR,2023-06-15,June,-0.01200000000000001,SHORT
MO,2023-06-15,June,0.028000000000000025,LONG
PM,2023-06-15,June,0.03200000000000003,LONG
KHC,2023-06-15,June,-0.14,SHORT
GIS,2023-06-15,June,-0.08800000000000008,SHORT
K,2023-06-15,June,0.10400000000000009,LONG
CL,2023-06-15,June,-0.02400000000000002,SHORT
CLX,2023-06-15,June,-0.07200000000000006,SHORT
CHD,2023-06-15,June,-0.16799999999999993,SHORT
EL,2023-06-15,June,-0.016000000000000014,SHORT
ULTA,2023-06-15,June,-0.15600000000000014,SHORT
VFC,2023-06-15,June,-0.10400000000000009,SHORT
TPR,2023-06-15,June,-0.01200000000000001,SHORT
RL,2023-06-15,June,0.03600000000000003,LONG
GE,2023-06-15,June,-0.03600000000000003,SHORT
HON,2023-06-15,June,-0.08000000000000007,SHORT
MMM,2023-06-15,June,-0.07200000000000006,SHORT
CAT,2023-06-15,June,-0.132,SHORT
DE,2023-06-15,June,-0.04800000000000004,SHORT
BA,2023-06-15,June,-0.07200000000000006,SHORT
LMT,2023-06-15,June,-0.04800000000000004,SHORT
RTX,2023-06-15,June,0.020000000000000018,LONG
GD,2023-06-15,June,-0.040000000000000036,SHORT
NOC,2023-06-15,June,-0.10000000000000009,SHORT
UPS,2023-06-15,June,-0.0040000000000000036,SHORT
FDX,2023-06-15,June,-0.09200000000000008,SHORT
UNP,2023-06-15,June,-0.02400000000000002,SHORT
CSX,2023-06-15,June,-0.04400000000000004,SHORT
NSC,2023-06-15,June,-0.08400000000000007,SHORT
EMR,2023-06-15,June,-0.08400000000000007,SHORT
ETN,2023-06-15,June,-0.07200000000000006,SHORT
PH,2023-06-15,June,0.01200000000000001,LONG
ITW,2023-06-15,June,-0.020000000000000018,SHORT
CMI,2023-06-15,June,-0.1280000000000001,SHORT
ROK,2023-06-15,June,-0.052000000000000046,SHORT
IR,2023-06-15,June,0.02400000000000002,LONG
DOV,2023-06-15,June,-0.06400000000000006,SHORT
SWK,2023-06-15,June,-0.016000000000000014,SHORT
URI,2023-06-15,June,-0.03600000000000003,SHORT
PCAR,2023-06-15,June,0.18000000000000016,LONG
WAB,2023-06-15,June,-0.12400000000000011,SHORT
XOM,2023-06-15,June,-0.020000000000000018,SHORT
CVX,2023-06-15,June,-0.03200000000000003,SHORT
COP,2023-06-15,June,-0.09200000000000008,SHORT
EOG,2023-06-15,June,-0.1200000000000001,SHORT
PXD,2023-06-15,June,-0.052000000000000046,SHORT
OXY,2023-06-15,June,0.028000000000000025,LONG
MPC,2023-06-15,June,-0.10000000000000009,SHORT
PSX,2023-06-15,June,0.008000000000000007,LONG
VLO,2023-06-15,June,-0.03200000000000003,SHORT
KMI,2023-06-15,June,-0.09600000000000009,SHORT
WMB,2023-06-15,June,-0.07600000000000007,SHORT
ET,2023-06-15,June,0.016000000000000014,LONG
EPD,2023-06-15,June,-0.1280000000000001,SHORT
SLB,2023-06-15,June,-0.09600000000000009,SHORT
HAL,2023-06-15,June,-0.14400000000000002,SHORT
BKR,2023-06-15,June,-0.10400000000000009,SHORT
LIN,2023-06-15,June,-0.08800000000000008,SHORT
APD,2023-06-15,June,-0.14400000000000002,SHORT
SHW,2023-06-15,June,-0.028000000000000025,SHORT
FCX,2023-06-15,June,-0.09600000000000009,SHORT
NEM,2023-06-15,June,-0.10000000000000009,SHORT
GOLD,2023-06-15,June,0.18000000000000016,LONG
NUE,2023-06-15,June,-0.06800000000000006,SHORT
STLD,2023-06-15,June,-0.15200000000000014,SHORT
DOW,2023-06-15,June,-0.06000000000000005,SHORT
DD,2023-06-15,June,-0.052000000000000046,SHORT
ECL,2023-06-15,June,-0.14800000000000002,SHORT
PPG,2023-06-15,June,-0.07200000000000006,SHORT
ALB,2023-06-15,June,-0.16799999999999993,SHORT
CF,2023-06-15,June,-0.04800000000000004,SHORT
MOS,2023-06-15,June,-0.040000000000000036,SHORT
NEE,2023-06-15,June,-0.132,SHORT
DUK,2023-06-15,June,-0.08400000000000007,SHORT
SO,2023-06-15,June,0.052000000000000046,LONG
D,2023-06-15,June,0.07600000000000007,LONG
AEP,2023-06-15,June,-0.14,SHORT
EXC,2023-06-15,June,-0.10000000000000009,SHORT
SRE,2023-06-15,June,-0.06000000000000005,SHORT
PCG,2023-06-15,June,-0.12400000000000011,SHORT
ED,2023-06-15,June,-0.04800000000000004,SHORT
XEL,2023-06-15,June,-0.06400000000000006,SHORT
WEC,2023-06-15,June,-0.10400000000000009,SHORT
ES,2023-06-15,June,0.01200000000000001,LONG
PEG,2023-06-15,June,-0.1160000000000001,SHORT
DTE,2023-06-15,June,-0.1120000000000001,SHORT
FE,2023-06-15,June,-0.040000000000000036,SHORT
AMT,2023-06-15,June,-0.09200000000000008,SHORT
CCI,2023-06-15,June,-0.16799999999999993,SHORT
EQIX,2023-06-15,June,-0.15200000000000014,SHORT
PLD,2023-06-15,June,-0.10000000000000009,SHORT
PSA,2023-06-15,June,-0.08400000000000007,SHORT
WELL,2023-06-15,June,-0.16399999999999992,SHORT
AVB,2023-06-15,June,-0.1280000000000001,SHORT
EQR,2023-06-15,June,-0.06800000000000006,SHORT
DLR,2023-06-15,June,-0.09200000000000008,SHORT
O,2023-06-15,June,0.1200000000000001,LONG
SPG,2023-06-15,June,-0.06000000000000005,SHORT
VICI,2023-06-15,June,-0.19999999999999996,SHORT
T,2023-06-15,June,0.14000000000000012,LONG
VZ,2023-06-15,June,0.1080000000000001,LONG
TMUS,2023-06-15,June,-0.08000000000000007,SHORT
CHTR,2023-06-15,June,-0.17599999999999993,SHORT
EA,2023-06-15,June,-0.06000000000000005,SHORT
ATVI,2023-06-15,June,-0.16399999999999992,SHORT
TTWO,2023-06-15,June,-0.06000000000000005,SHORT
MTCH,2023-06-15,June,-0.19599999999999995,SHORT
PINS,2023-06-15,June,-0.14,SHORT
SNAP,2023-06-15,June,-0.17199999999999993,SHORT
TWTR,2023-06-15,June,-0.04800000000000004,SHORT
SHOP,2023-06-15,June,-0.14,SHORT
SQ,2023-06-15,June,0.06000000000000005,LONG
ROKU,2023-06-15,June,-0.1120000000000001,SHORT
ZM,2023-06-15,June,0.07200000000000006,LONG
DOCU,2023-06-15,June,-0.19999999999999996,SHORT
TWLO,2023-06-15,June,-0.09200000000000008,SHORT
ABNB,2023-06-15,June,0.10400000000000009,LONG
DASH,2023-06-15,June,0.15600000000000014,LONG
UBER,2023-06-15,June,-0.18799999999999994,SHORT
LYFT,2023-06-15,June,-0.1200000000000001,SHORT
RBLX,2023-06-15,June,-0.14800000000000002,SHORT
U,2023-06-15,June,0.14400000000000013,LONG
PLTR,2023-06-15,June,-0.1080000000000001,SHORT
COIN,2023-06-15,June,0.19200000000000017,LONG
RIVN,2023-06-15,June,-0.1200000000000001,SHORT
LCID,2023-06-15,June,0.14000000000000012,LONG
NIO,2023-06-15,June,-0.07600000000000007,SHORT
XPEV,2023-06-15,June,-0.10400000000000009,SHORT
LI,2023-06-15,June,0.0,LONG
BABA,2023-06-15,June,0.052000000000000046,LONG
JD,2023-06-15,June,-0.028000000000000025,SHORT
PDD,2023-06-15,June,-0.132,SHORT
BIDU,2023-06-15,June,0.17200000000000015,LONG
MELI,2023-06-15,June,0.18400000000000016,LONG
SE,2023-06-15,June,0.01200000000000001,LONG
CPNG,2023-06-15,June,0.18800000000000017,LONG
DIDI,2023-06-15,June,0.13200000000000012,LONG
AI,2023-06-15,June,-0.04400000000000004,SHORT
PATH,2023-06-15,June,-0.19199999999999995,SHORT
BRK.B,2023-06-15,June,-0.05600000000000005,SHORT
WBA,2023-06-15,June,-0.12400000000000011,SHORT
MDLZ,2023-06-15,June,-0.15200000000000014,SHORT
GM,2023-06-15,June,-0.0040000000000000036,SHORT
F,2023-06-15,June,0.08400000000000007,LONG
DAL,2023-06-15,June,-0.15999999999999992,SHORT
UAL,2023-06-15,June,-0.09200000000000008,SHORT
AAL,2023-06-15,June,-0.17199999999999993,SHORT
LUV,2023-06-15,June,-0.008000000000000007,SHORT
CCL,2023-06-15,June,-0.15600000000000014,SHORT
RCL,2023-06-15,June,-0.09600000000000009,SHORT
NCLH,2023-06-15,June,0.17600000000000016,LONG
MGM,2023-06-15,June,-0.09600000000000009,SHORT
WYNN,2023-06-15,June,-0.06800000000000006,SHORT
LVS,2023-06-15,June,-0.016000000000000014,SHORT
ETSY,2023-06-15,June,-0.09600000000000009,SHORT
FTNT,2023-06-15,June,-0.132,SHORT
HUBS,2023-06-15,June,-0.17199999999999993,SHORT
TTD,2023-06-15,June,-0.052000000000000046,SHORT
BILL,2023-06-15,June,0.16800000000000015,LONG
DKNG,2023-06-15,June,0.17200000000000015,LONG
PENN,2023-06-15,June,-0.17599999999999993,SHORT
PTON,2023-06-15,June,-0.1120000000000001,SHORT
Z,2023-06-15,June,0.16400000000000015,LONG
UPST,2023-06-15,June,-0.06800000000000006,SHORT
AFRM,2023-06-15,June,0.18000000000000016,LONG
SOFI,2023-06-15,June,-0.17599999999999993,SHORT
HOOD,2023-06-15,June,0.19600000000000017,LONG
MSTR,2023-06-15,June,-0.09200000000000008,SHORT
RIOT,2023-06-15,June,-0.12400000000000011,SHORT
MARA,2023-06-15,June,0.16000000000000014,LONG
TDOC,2023-06-15,June,0.19600000000000017,LONG
CRISPR,2023-06-15,June,0.07200000000000006,LONG
EXAS,2023-06-15,June,-0.17599999999999993,SHORT
NVAX,2023-06-15,June,-0.1280000000000001,SHORT
SRPT,2023-06-15,June,-0.08000000000000007,SHORT
SGEN,2023-06-15,June,-0.19199999999999995,SHORT
ENPH,2023-06-15,June,-0.19999999999999996,SHORT
SEDG,2023-06-15,June,0.16800000000000015,LONG
RUN,2023-06-15,June,-0.016000000000000014,SHORT
FSLR,2023-06-15,June,-0.15200000000000014,SHORT
PLUG,2023-06-15,June,-0.14800000000000002,SHORT
CHPT,2023-06-15,June,-0.18399999999999994,SHORT
BLNK,2023-06-15,June,0.18400000000000016,LONG
ALB,2023-06-15,June,-0.16799999999999993,SHORT
MP,2023-06-15,June,0.03200000000000003,LONG
PANW,2023-06-15,June,-0.15600000000000014,SHORT
FTNT,2023-06-15,June,-0.132,SHORT
CRWD,2023-06-15,June,-0.17999999999999994,SHORT
ZS,2023-06-15,June,0.09600000000000009,LONG
OKTA,2023-06-15,June,-0.18399999999999994,SHORT
NET,2023-06-15,June,-0.07200000000000006,SHORT
S,2023-06-15,June,0.13600000000000012,LONG
ASML,2023-06-15,June,-0.19199999999999995,SHORT
LRCX,2023-06-15,June,-0.14400000000000002,SHORT
AMAT,2023-06-15,June,0.16800000000000015,LONG
KLAC,2023-06-15,June,0.13600000000000012,LONG
TER,2023-06-15,June,-0.05600000000000005,SHORT
TSM,2023-06-15,June,-0.020000000000000018,SHORT
ASML,2023-06-15,June,-0.19199999999999995,SHORT
TM,2023-06-15,June,0.04800000000000004,LONG
SONY,2023-06-15,June,-0.08000000000000007,SHORT
BABA,2023-06-15,June,0.052000000000000046,LONG
JD,2023-06-15,June,-0.028000000000000025,SHORT
PDD,2023-06-15,June,-0.132,SHORT
BIDU,2023-06-15,June,0.17200000000000015,LONG
NIO,2023-06-15,June,-0.07600000000000007,SHORT
XPEV,2023-06-15,June,-0.10400000000000009,SHORT
LI,2023-06-15,June,0.0,LONG
TCEHY,2023-06-15,June,0.1280000000000001,LONG
NTES,2023-06-15,June,-0.14,SHORT
BILI,2023-06-15,June,0.15600000000000014,LONG
SE,2023-06-15,June,0.01200000000000001,LONG
SHOP,2023-06-15,June,-0.14,SHORT
SAP,2023-06-15,June,-0.08400000000000007,SHORT
AZN,2023-06-15,June,-0.06400000000000006,SHORT
GSK,2023-06-15,June,-0.08000000000000007,SHORT
NVO,2023-06-15,June,-0.02400000000000002,SHORT
RIO,2023-06-15,June,-0.06000000000000005,SHORT
BHP,2023-06-15,June,-0.12400000000000011,SHORT
BP,2023-06-15,June,-0.01200000000000001,SHORT
TOT,2023-06-15,June,-0.008000000000000007,SHORT
HSBC,2023-06-15,June,0.15600000000000014,LONG
UBS,2023-06-15,June,-0.06000000000000005,SHORT
DB,2023-06-15,June,-0.06000000000000005,SHORT
CS,2023-06-15,June,0.0040000000000000036,LONG
BTI,2023-06-15,June,-0.10400000000000009,SHORT
DEO,2023-06-15,June,-0.132,SHORT
UN,2023-06-15,June,0.05600000000000005,LONG
UL,2023-06-15,June,0.04800000000000004,LONG
SPY,2023-09-15,September,-0.016000000000000014,SHORT
QQQ,2023-09-15,September,-0.052000000000000046,SHORT
DIA,2023-09-15,September,-0.19999999999999996,SHORT
IWM,2023-09-15,September,-0.07600000000000007,SHORT
VTI,2023-09-15,September,-0.052000000000000046,SHORT
VOO,2023-09-15,September,-0.04800000000000004,SHORT
VGT,2023-09-15,September,-0.06000000000000005,SHORT
XLF,2023-09-15,September,-0.08800000000000008,SHORT
XLV,2023-09-15,September,-0.02400000000000002,SHORT
XLE,2023-09-15,September,-0.09200000000000008,SHORT
XLK,2023-09-15,September,-0.06800000000000006,SHORT
XLI,2023-09-15,September,-0.07600000000000007,SHORT
XLP,2023-09-15,September,-0.04800000000000004,SHORT
XLY,2023-09-15,September,-0.01200000000000001,SHORT
XLB,2023-09-15,September,-0.10400000000000009,SHORT
XLU,2023-09-15,September,-0.028000000000000025,SHORT
XLRE,2023-09-15,September,-0.16399999999999992,SHORT
XLC,2023-09-15,September,-0.10000000000000009,SHORT
AAPL,2023-09-15,September,0.1200000000000001,LONG
MSFT,2023-09-15,September,-0.16799999999999993,SHORT
AMZN,2023-09-15,September,-0.18399999999999994,SHORT
GOOGL,2023-09-15,September,0.08000000000000007,LONG
GOOG,2023-09-15,September,0.17600000000000016,LONG
META,2023-09-15,September,0.15600000000000014,LONG
NVDA,2023-09-15,September,0.16400000000000015,LONG
AMD,2023-09-15,September,-0.18399999999999994,SHORT
INTC,2023-09-15,September,0.18400000000000016,LONG
CSCO,2023-09-15,September,0.16000000000000014,LONG
ORCL,2023-09-15,September,0.19200000000000017,LONG
IBM,2023-09-15,September,-0.15999999999999992,SHORT
ADBE,2023-09-15,September,0.04800000000000004,LONG
CRM,2023-09-15,September,-0.1200000000000001,SHORT
PYPL,2023-09-15,September,-0.12400000000000011,SHORT
NFLX,2023-09-15,September,-0.17599999999999993,SHORT
TSLA,2023-09-15,September,-0.19199999999999995,SHORT
AVGO,2023-09-15,September,0.18000000000000016,LONG
TXN,2023-09-15,September,-0.02400000000000002,SHORT
QCOM,2023-09-15,September,0.19200000000000017,LONG
MU,2023-09-15,September,0.02400000000000002,LONG
AMAT,2023-09-15,September,0.14000000000000012,LONG
ADI,2023-09-15,September,-0.19999999999999996,SHORT
LRCX,2023-09-15,September,-0.17199999999999993,SHORT
KLAC,2023-09-15,September,0.1080000000000001,LONG
SNPS,2023-09-15,September,-0.1280000000000001,SHORT
CDNS,2023-09-15,September,0.16000000000000014,LONG
INTU,2023-09-15,September,-0.14400000000000002,SHORT
NOW,2023-09-15,September,-0.04800000000000004,SHORT
WDAY,2023-09-15,September,-0.18799999999999994,SHORT
TEAM,2023-09-15,September,0.15600000000000014,LONG
ZS,2023-09-15,September,0.06800000000000006,LONG
OKTA,2023-09-15,September,0.18800000000000017,LONG
CRWD,2023-09-15,September,0.19200000000000017,LONG
NET,2023-09-15,September,-0.10000000000000009,SHORT
DDOG,2023-09-15,September,0.1200000000000001,LONG
SNOW,2023-09-15,September,-0.1160000000000001,SHORT
JPM,2023-09-15,September,-0.10000000000000009,SHORT
BAC,2023-09-15,September,0.16800000000000015,LONG
WFC,2023-09-15,September,-0.1280000000000001,SHORT
C,2023-09-15,September,0.04400000000000004,LONG
GS,2023-09-15,September,-0.008000000000000007,SHORT
MS,2023-09-15,September,0.016000000000000014,LONG
BLK,2023-09-15,September,-0.15600000000000014,SHORT
AXP,2023-09-15,September,-0.09200000000000008,SHORT
V,2023-09-15,September,0.1200000000000001,LONG
MA,2023-09-15,September,-0.05600000000000005,SHORT
SCHW,2023-09-15,September,-0.18799999999999994,SHORT
PNC,2023-09-15,September,-0.12400000000000011,SHORT
USB,2023-09-15,September,-0.08800000000000008,SHORT
TFC,2023-09-15,September,-0.14,SHORT
COF,2023-09-15,September,-0.15999999999999992,SHORT
BK,2023-09-15,September,-0.06000000000000005,SHORT
STT,2023-09-15,September,-0.020000000000000018,SHORT
DFS,2023-09-15,September,-0.14,SHORT
AIG,2023-09-15,September,-0.18799999999999994,SHORT
MET,2023-09-15,September,-0.10400000000000009,SHORT
PRU,2023-09-15,September,-0.03600000000000003,SHORT
ALL,2023-09-15,September,-0.15600000000000014,SHORT
TRV,2023-09-15,September,-0.016000000000000014,SHORT
CB,2023-09-15,September,-0.09200000000000008,SHORT
PGR,2023-09-15,September,-0.09200000000000008,SHORT
MMC,2023-09-15,September,-0.14,SHORT
AON,2023-09-15,September,-0.136,SHORT
ICE,2023-09-15,September,-0.18799999999999994,SHORT
CME,2023-09-15,September,-0.17199999999999993,SHORT
SPGI,2023-09-15,September,-0.19599999999999995,SHORT
MCO,2023-09-15,September,-0.132,SHORT
JNJ,2023-09-15,September,-0.1200000000000001,SHORT
PFE,2023-09-15,September,-0.14800000000000002,SHORT
MRK,2023-09-15,September,-0.08800000000000008,SHORT
ABBV,2023-09-15,September,0.1080000000000001,LONG
LLY,2023-09-15,September,-0.06000000000000005,SHORT
ABT,2023-09-15,September,-0.16399999999999992,SHORT
TMO,2023-09-15,September,-0.06400000000000006,SHORT
DHR,2023-09-15,September,-0.136,SHORT
UNH,2023-09-15,September,-0.08400000000000007,SHORT
CVS,2023-09-15,September,-0.08000000000000007,SHORT
AMGN,2023-09-15,September,0.14000000000000012,LONG
GILD,2023-09-15,September,0.1280000000000001,LONG
ISRG,2023-09-15,September,-0.18799999999999994,SHORT
REGN,2023-09-15,September,0.17600000000000016,LONG
VRTX,2023-09-15,September,-0.06400000000000006,SHORT
MRNA,2023-09-15,September,0.18400000000000016,LONG
BIIB,2023-09-15,September,0.08800000000000008,LONG
BMY,2023-09-15,September,-0.09600000000000009,SHORT
MDT,2023-09-15,September,-0.1080000000000001,SHORT
SYK,2023-09-15,September,-0.03600000000000003,SHORT
BSX,2023-09-15,September,-0.07600000000000007,SHORT
ZTS,2023-09-15,September,0.0040000000000000036,LONG
DXCM,2023-09-15,September,0.17600000000000016,LONG
ILMN,2023-09-15,September,0.19200000000000017,LONG
IDXX,2023-09-15,September,-0.15600000000000014,SHORT
EW,2023-09-15,September,0.0,LONG
HUM,2023-09-15,September,-0.08800000000000008,SHORT
CI,2023-09-15,September,-0.06400000000000006,SHORT
ANTM,2023-09-15,September,0.19200000000000017,LONG
CNC,2023-09-15,September,-0.17599999999999993,SHORT
BDX,2023-09-15,September,-0.136,SHORT
BAX,2023-09-15,September,-0.14800000000000002,SHORT
PG,2023-09-15,September,-0.020000000000000018,SHORT
KO,2023-09-15,September,-0.008000000000000007,SHORT
PEP,2023-09-15,September,-0.1080000000000001,SHORT
WMT,2023-09-15,September,-0.03200000000000003,SHORT
COST,2023-09-15,September,-0.17199999999999993,SHORT
HD,2023-09-15,September,-0.06400000000000006,SHORT
LOW,2023-09-15,September,-0.05600000000000005,SHORT
MCD,2023-09-15,September,-0.17599999999999993,SHORT
SBUX,2023-09-15,September,-0.136,SHORT
NKE,2023-09-15,September,-0.136,SHORT
DIS,2023-09-15,September,-0.1280000000000001,SHORT
CMCSA,2023-09-15,September,0.01200000000000001,LONG
TGT,2023-09-15,September,-0.06800000000000006,SHORT
BKNG,2023-09-15,September,0.13600000000000012,LONG
EXPE,2023-09-15,September,-0.19999999999999996,SHORT
MAR,2023-09-15,September,-0.1280000000000001,SHORT
HLT,2023-09-15,September,-0.09600000000000009,SHORT
YUM,2023-09-15,September,-0.020000000000000018,SHORT
QSR,2023-09-15,September,-0.040000000000000036,SHORT
MO,2023-09-15,September,0.0,LONG
PM,2023-09-15,September,0.0040000000000000036,LONG
KHC,2023-09-15,September,-0.16799999999999993,SHORT
GIS,2023-09-15,September,-0.1160000000000001,SHORT
K,2023-09-15,September,0.07600000000000007,LONG
CL,2023-09-15,September,-0.052000000000000046,SHORT
CLX,2023-09-15,September,-0.10000000000000009,SHORT
CHD,2023-09-15,September,-0.19599999999999995,SHORT
EL,2023-09-15,September,-0.04400000000000004,SHORT
ULTA,2023-09-15,September,-0.18399999999999994,SHORT
VFC,2023-09-15,September,-0.132,SHORT
TPR,2023-09-15,September,-0.040000000000000036,SHORT
RL,2023-09-15,September,0.008000000000000007,LONG
GE,2023-09-15,September,-0.06400000000000006,SHORT
HON,2023-09-15,September,-0.1080000000000001,SHORT
MMM,2023-09-15,September,-0.10000000000000009,SHORT
CAT,2023-09-15,September,-0.15999999999999992,SHORT
DE,2023-09-15,September,-0.07600000000000007,SHORT
BA,2023-09-15,September,-0.10000000000000009,SHORT
LMT,2023-09-15,September,-0.07600000000000007,SHORT
RTX,2023-09-15,September,-0.008000000000000007,SHORT
GD,2023-09-15,September,-0.06800000000000006,SHORT
NOC,2023-09-15,September,-0.1280000000000001,SHORT
UPS,2023-09-15,September,-0.03200000000000003,SHORT
FDX,2023-09-15,September,-0.1200000000000001,SHORT
UNP,2023-09-15,September,-0.052000000000000046,SHORT
CSX,2023-09-15,September,-0.07200000000000006,SHORT
NSC,2023-09-15,September,-0.1120000000000001,SHORT
EMR,2023-09-15,September,-0.1120000000000001,SHORT
ETN,2023-09-15,September,-0.10000000000000009,SHORT
PH,2023-09-15,September,-0.016000000000000014,SHORT
ITW,2023-09-15,September,-0.04800000000000004,SHORT
CMI,2023-09-15,September,-0.15600000000000014,SHORT
ROK,2023-09-15,September,-0.08000000000000007,SHORT
IR,2023-09-15,September,-0.0040000000000000036,SHORT
DOV,2023-09-15,September,-0.09200000000000008,SHORT
SWK,2023-09-15,September,-0.04400000000000004,SHORT
URI,2023-09-15,September,-0.06400000000000006,SHORT
PCAR,2023-09-15,September,0.15200000000000014,LONG
WAB,2023-09-15,September,-0.15200000000000014,SHORT
XOM,2023-09-15,September,-0.04800000000000004,SHORT
CVX,2023-09-15,September,-0.06000000000000005,SHORT
COP,2023-09-15,September,-0.1200000000000001,SHORT
EOG,2023-09-15,September,-0.14800000000000002,SHORT
PXD,2023-09-15,September,-0.08000000000000007,SHORT
OXY,2023-09-15,September,0.0,LONG
MPC,2023-09-15,September,-0.1280000000000001,SHORT
PSX,2023-09-15,September,-0.020000000000000018,SHORT
VLO,2023-09-15,September,-0.06000000000000005,SHORT
KMI,2023-09-15,September,-0.12400000000000011,SHORT
WMB,2023-09-15,September,-0.10400000000000009,SHORT
ET,2023-09-15,September,-0.01200000000000001,SHORT
EPD,2023-09-15,September,-0.15600000000000014,SHORT
SLB,2023-09-15,September,-0.12400000000000011,SHORT
HAL,2023-09-15,September,-0.17199999999999993,SHORT
BKR,2023-09-15,September,-0.132,SHORT
LIN,2023-09-15,September,-0.1160000000000001,SHORT
APD,2023-09-15,September,-0.17199999999999993,SHORT
SHW,2023-09-15,September,-0.05600000000000005,SHORT
FCX,2023-09-15,September,-0.12400000000000011,SHORT
NEM,2023-09-15,September,-0.1280000000000001,SHORT
GOLD,2023-09-15,September,0.15200000000000014,LONG
NUE,2023-09-15,September,-0.09600000000000009,SHORT
STLD,2023-09-15,September,-0.17999999999999994,SHORT
DOW,2023-09-15,September,-0.08800000000000008,SHORT
DD,2023-09-15,September,-0.08000000000000007,SHORT
ECL,2023-09-15,September,-0.17599999999999993,SHORT
PPG,2023-09-15,September,-0.10000000000000009,SHORT
ALB,2023-09-15,September,-0.19599999999999995,SHORT
CF,2023-09-15,September,-0.07600000000000007,SHORT
MOS,2023-09-15,September,-0.06800000000000006,SHORT
NEE,2023-09-15,September,-0.15999999999999992,SHORT
DUK,2023-09-15,September,-0.1120000000000001,SHORT
SO,2023-09-15,September,0.02400000000000002,LONG
D,2023-09-15,September,0.04800000000000004,LONG
AEP,2023-09-15,September,-0.16799999999999993,SHORT
EXC,2023-09-15,September,-0.1280000000000001,SHORT
SRE,2023-09-15,September,-0.08800000000000008,SHORT
PCG,2023-09-15,September,-0.15200000000000014,SHORT
ED,2023-09-15,September,-0.07600000000000007,SHORT
XEL,2023-09-15,September,-0.09200000000000008,SHORT
WEC,2023-09-15,September,-0.132,SHORT
ES,2023-09-15,September,-0.016000000000000014,SHORT
PEG,2023-09-15,September,-0.14400000000000002,SHORT
DTE,2023-09-15,September,-0.14,SHORT
FE,2023-09-15,September,-0.06800000000000006,SHORT
AMT,2023-09-15,September,-0.1200000000000001,SHORT
CCI,2023-09-15,September,-0.19599999999999995,SHORT
EQIX,2023-09-15,September,-0.17999999999999994,SHORT
PLD,2023-09-15,September,-0.1280000000000001,SHORT
PSA,2023-09-15,September,-0.1120000000000001,SHORT
WELL,2023-09-15,September,-0.19199999999999995,SHORT
AVB,2023-09-15,September,-0.15600000000000014,SHORT
EQR,2023-09-15,September,-0.09600000000000009,SHORT
DLR,2023-09-15,September,-0.1200000000000001,SHORT
O,2023-09-15,September,0.09200000000000008,LONG
SPG,2023-09-15,September,-0.08800000000000008,SHORT
VICI,2023-09-15,September,0.17200000000000015,LONG
T,2023-09-15,September,0.1120000000000001,LONG
VZ,2023-09-15,September,0.08000000000000007,LONG
TMUS,2023-09-15,September,-0.1080000000000001,SHORT
CHTR,2023-09-15,September,0.19600000000000017,LONG
EA,2023-09-15,September,-0.08800000000000008,SHORT
ATVI,2023-09-15,September,-0.19199999999999995,SHORT
TTWO,2023-09-15,September,-0.08800000000000008,SHORT
MTCH,2023-09-15,September,0.17600000000000016,LONG
PINS,2023-09-15,September,-0.16799999999999993,SHORT
SNAP,2023-09-15,September,-0.19999999999999996,SHORT
TWTR,2023-09-15,September,-0.07600000000000007,SHORT
SHOP,2023-09-15,September,-0.16799999999999993,SHORT
SQ,2023-09-15,September,0.03200000000000003,LONG
ROKU,2023-09-15,September,-0.14,SHORT
ZM,2023-09-15,September,0.04400000000000004,LONG
DOCU,2023-09-15,September,0.17200000000000015,LONG
TWLO,2023-09-15,September,-0.1200000000000001,SHORT
ABNB,2023-09-15,September,0.07600000000000007,LONG
DASH,2023-09-15,September,0.1280000000000001,LONG
UBER,2023-09-15,September,0.18400000000000016,LONG
LYFT,2023-09-15,September,-0.14800000000000002,SHORT
RBLX,2023-09-15,September,-0.17599999999999993,SHORT
U,2023-09-15,September,0.1160000000000001,LONG
PLTR,2023-09-15,September,-0.136,SHORT
COIN,2023-09-15,September,0.16400000000000015,LONG
RIVN,2023-09-15,September,-0.14800000000000002,SHORT
LCID,2023-09-15,September,0.1120000000000001,LONG
NIO,2023-09-15,September,-0.10400000000000009,SHORT
XPEV,2023-09-15,September,-0.132,SHORT
LI,2023-09-15,September,-0.028000000000000025,SHORT
BABA,2023-09-15,September,0.02400000000000002,LONG
JD,2023-09-15,September,-0.05600000000000005,SHORT
PDD,2023-09-15,September,-0.15999999999999992,SHORT
BIDU,2023-09-15,September,0.14400000000000013,LONG
MELI,2023-09-15,September,0.15600000000000014,LONG
SE,2023-09-15,September,-0.016000000000000014,SHORT
CPNG,2023-09-15,September,0.16000000000000014,LONG
DIDI,2023-09-15,September,0.10400000000000009,LONG
AI,2023-09-15,September,-0.07200000000000006,SHORT
PATH,2023-09-15,September,0.18000000000000016,LONG
BRK.B,2023-09-15,September,-0.08400000000000007,SHORT
WBA,2023-09-15,September,-0.15200000000000014,SHORT
MDLZ,2023-09-15,September,-0.17999999999999994,SHORT
GM,2023-09-15,September,-0.03200000000000003,SHORT
F,2023-09-15,September,0.05600000000000005,LONG
DAL,2023-09-15,September,-0.18799999999999994,SHORT
UAL,2023-09-15,September,-0.1200000000000001,SHORT
AAL,2023-09-15,September,-0.19999999999999996,SHORT
LUV,2023-09-15,September,-0.03600000000000003,SHORT
CCL,2023-09-15,September,-0.18399999999999994,SHORT
RCL,2023-09-15,September,-0.12400000000000011,SHORT
NCLH,2023-09-15,September,0.14800000000000013,LONG
MGM,2023-09-15,September,-0.12400000000000011,SHORT
WYNN,2023-09-15,September,-0.09600000000000009,SHORT
LVS,2023-09-15,September,-0.04400000000000004,SHORT
ETSY,2023-09-15,September,-0.12400000000000011,SHORT
FTNT,2023-09-15,September,-0.15999999999999992,SHORT
HUBS,2023-09-15,September,-0.19999999999999996,SHORT
TTD,2023-09-15,September,-0.08000000000000007,SHORT
BILL,2023-09-15,September,0.14000000000000012,LONG
DKNG,2023-09-15,September,0.14400000000000013,LONG
PENN,2023-09-15,September,0.19600000000000017,LONG
PTON,2023-09-15,September,-0.14,SHORT
Z,2023-09-15,September,0.13600000000000012,LONG
UPST,2023-09-15,September,-0.09600000000000009,SHORT
AFRM,2023-09-15,September,0.15200000000000014,LONG
SOFI,2023-09-15,September,0.19600000000000017,LONG
HOOD,2023-09-15,September,0.16800000000000015,LONG
MSTR,2023-09-15,September,-0.1200000000000001,SHORT
RIOT,2023-09-15,September,-0.15200000000000014,SHORT
MARA,2023-09-15,September,0.13200000000000012,LONG
TDOC,2023-09-15,September,0.16800000000000015,LONG
CRISPR,2023-09-15,September,0.04400000000000004,LONG
EXAS,2023-09-15,September,0.19600000000000017,LONG
NVAX,2023-09-15,September,-0.15600000000000014,SHORT
SRPT,2023-09-15,September,-0.1080000000000001,SHORT
SGEN,2023-09-15,September,0.18000000000000016,LONG
ENPH,2023-09-15,September,0.17200000000000015,LONG
SEDG,2023-09-15,September,0.14000000000000012,LONG
RUN,2023-09-15,September,-0.04400000000000004,SHORT
FSLR,2023-09-15,September,-0.17999999999999994,SHORT
PLUG,2023-09-15,September,-0.17599999999999993,SHORT
CHPT,2023-09-15,September,0.18800000000000017,LONG
BLNK,2023-09-15,September,0.15600000000000014,LONG
ALB,2023-09-15,September,-0.19599999999999995,SHORT
MP,2023-09-15,September,0.0040000000000000036,LONG
PANW,2023-09-15,September,-0.18399999999999994,SHORT
FTNT,2023-09-15,September,-0.15999999999999992,SHORT
CRWD,2023-09-15,September,0.19200000000000017,LONG
ZS,2023-09-15,September,0.06800000000000006,LONG
OKTA,2023-09-15,September,0.18800000000000017,LONG
NET,2023-09-15,September,-0.10000000000000009,SHORT
S,2023-09-15,September,0.1080000000000001,LONG
ASML,2023-09-15,September,0.18000000000000016,LONG
LRCX,2023-09-15,September,-0.17199999999999993,SHORT
AMAT,2023-09-15,September,0.14000000000000012,LONG
KLAC,2023-09-15,September,0.1080000000000001,LONG
TER,2023-09-15,September,-0.08400000000000007,SHORT
TSM,2023-09-15,September,-0.04800000000000004,SHORT
ASML,2023-09-15,September,0.18000000000000016,LONG
TM,2023-09-15,September,0.020000000000000018,LONG
SONY,2023-09-15,September,-0.1080000000000001,SHORT
BABA,2023-09-15,September,0.02400000000000002,LONG
JD,2023-09-15,September,-0.05600000000000005,SHORT
PDD,2023-09-15,September,-0.15999999999999992,SHORT
BIDU,2023-09-15,September,0.14400000000000013,LONG
NIO,2023-09-15,September,-0.10400000000000009,SHORT
XPEV,2023-09-15,September,-0.132,SHORT
LI,2023-09-15,September,-0.028000000000000025,SHORT
TCEHY,2023-09-15,September,0.10000000000000009,LONG
NTES,2023-09-15,September,-0.16799999999999993,SHORT
BILI,2023-09-15,September,0.1280000000000001,LONG
SE,2023-09-15,September,-0.016000000000000014,SHORT
SHOP,2023-09-15,September,-0.16799999999999993,SHORT
SAP,2023-09-15,September,-0.1120000000000001,SHORT
AZN,2023-09-15,September,-0.09200000000000008,SHORT
GSK,2023-09-15,September,-0.1080000000000001,SHORT
NVO,2023-09-15,September,-0.052000000000000046,SHORT
RIO,2023-09-15,September,-0.08800000000000008,SHORT
BHP,2023-09-15,September,-0.15200000000000014,SHORT
BP,2023-09-15,September,-0.040000000000000036,SHORT
TOT,2023-09-15,September,-0.03600000000000003,SHORT
HSBC,2023-09-15,September,0.1280000000000001,LONG
UBS,2023-09-15,September,-0.08800000000000008,SHORT
DB,2023-09-15,September,-0.08800000000000008,SHORT
CS,2023-09-15,September,-0.02400000000000002,SHORT
BTI,2023-09-15,September,-0.132,SHORT
DEO,2023-09-15,September,-0.15999999999999992,SHORT
UN,2023-09-15,September,0.028000000000000025,LONG
UL,2023-09-15,September,0.020000000000000018,LONG
SPY,2023-12-15,December,-0.04400000000000004,SHORT
QQQ,2023-12-15,December,-0.08000000000000007,SHORT
DIA,2023-12-15,December,0.17200000000000015,LONG
IWM,2023-12-15,December,-0.10400000000000009,SHORT
VTI,2023-12-15,December,-0.08000000000000007,SHORT
VOO,2023-12-15,December,-0.07600000000000007,SHORT
VGT,2023-12-15,December,-0.08800000000000008,SHORT
XLF,2023-12-15,December,-0.1160000000000001,SHORT
XLV,2023-12-15,December,-0.052000000000000046,SHORT
XLE,2023-12-15,December,-0.1200000000000001,SHORT
XLK,2023-12-15,December,-0.09600000000000009,SHORT
XLI,2023-12-15,December,-0.10400000000000009,SHORT
XLP,2023-12-15,December,-0.07600000000000007,SHORT
XLY,2023-12-15,December,-0.040000000000000036,SHORT
XLB,2023-12-15,December,-0.132,SHORT
XLU,2023-12-15,December,-0.05600000000000005,SHORT
XLRE,2023-12-15,December,-0.19199999999999995,SHORT
XLC,2023-12-15,December,-0.1280000000000001,SHORT
AAPL,2023-12-15,December,0.09200000000000008,LONG
MSFT,2023-12-15,December,-0.19599999999999995,SHORT
AMZN,2023-12-15,December,0.18800000000000017,LONG
GOOGL,2023-12-15,December,0.052000000000000046,LONG
GOOG,2023-12-15,December,0.14800000000000013,LONG
META,2023-12-15,December,0.1280000000000001,LONG
NVDA,2023-12-15,December,0.13600000000000012,LONG
AMD,2023-12-15,December,0.18800000000000017,LONG
INTC,2023-12-15,December,0.15600000000000014,LONG
CSCO,2023-12-15,December,0.13200000000000012,LONG
ORCL,2023-12-15,December,0.16400000000000015,LONG
IBM,2023-12-15,December,-0.18799999999999994,SHORT
ADBE,2023-12-15,December,0.020000000000000018,LONG
CRM,2023-12-15,December,-0.14800000000000002,SHORT
PYPL,2023-12-15,December,-0.15200000000000014,SHORT
NFLX,2023-12-15,December,0.19600000000000017,LONG
TSLA,2023-12-15,December,0.18000000000000016,LONG
AVGO,2023-12-15,December,0.15200000000000014,LONG
TXN,2023-12-15,December,-0.052000000000000046,SHORT
QCOM,2023-12-15,December,0.16400000000000015,LONG
MU,2023-12-15,December,-0.0040000000000000036,SHORT
AMAT,2023-12-15,December,0.1120000000000001,LONG
ADI,2023-12-15,December,0.17200000000000015,LONG
LRCX,2023-12-15,December,-0.19999999999999996,SHORT
KLAC,2023-12-15,December,0.08000000000000007,LONG
SNPS,2023-12-15,December,-0.15600000000000014,SHORT
CDNS,2023-12-15,December,0.13200000000000012,LONG
INTU,2023-12-15,December,-0.17199999999999993,SHORT
NOW,2023-12-15,December,-0.07600000000000007,SHORT
WDAY,2023-12-15,December,0.18400000000000016,LONG
TEAM,2023-12-15,December,0.1280000000000001,LONG
ZS,2023-12-15,December,0.040000000000000036,LONG
OKTA,2023-12-15,December,0.16000000000000014,LONG
CRWD,2023-12-15,December,0.16400000000000015,LONG
NET,2023-12-15,December,-0.1280000000000001,SHORT
DDOG,2023-12-15,December,0.09200000000000008,LONG
SNOW,2023-12-15,December,-0.14400000000000002,SHORT
JPM,2023-12-15,December,-0.1280000000000001,SHORT
BAC,2023-12-15,December,0.14000000000000012,LONG
WFC,2023-12-15,December,-0.15600000000000014,SHORT
C,2023-12-15,December,0.016000000000000014,LONG
GS,2023-12-15,December,-0.03600000000000003,SHORT
MS,2023-12-15,December,-0.01200000000000001,SHORT
BLK,2023-12-15,December,-0.18399999999999994,SHORT
AXP,2023-12-15,December,-0.1200000000000001,SHORT
V,2023-12-15,December,0.09200000000000008,LONG
MA,2023-12-15,December,-0.08400000000000007,SHORT
SCHW,2023-12-15,December,0.18400000000000016,LONG
PNC,2023-12-15,December,-0.15200000000000014,SHORT
USB,2023-12-15,December,-0.1160000000000001,SHORT
TFC,2023-12-15,December,-0.16799999999999993,SHORT
COF,2023-12-15,December,-0.18799999999999994,SHORT
BK,2023-12-15,December,-0.08800000000000008,SHORT
STT,2023-12-15,December,-0.04800000000000004,SHORT
DFS,2023-12-15,December,-0.16799999999999993,SHORT
AIG,2023-12-15,December,0.18400000000000016,LONG
MET,2023-12-15,December,-0.132,SHORT
PRU,2023-12-15,December,-0.06400000000000006,SHORT
ALL,2023-12-15,December,-0.18399999999999994,SHORT
TRV,2023-12-15,December,-0.04400000000000004,SHORT
CB,2023-12-15,December,-0.1200000000000001,SHORT
PGR,2023-12-15,December,-0.1200000000000001,SHORT
MMC,2023-12-15,December,-0.16799999999999993,SHORT
AON,2023-12-15,December,-0.16399999999999992,SHORT
ICE,2023-12-15,December,0.18400000000000016,LONG
CME,2023-12-15,December,-0.19999999999999996,SHORT
SPGI,2023-12-15,December,0.17600000000000016,LONG
MCO,2023-12-15,December,-0.15999999999999992,SHORT
JNJ,2023-12-15,December,-0.14800000000000002,SHORT
PFE,2023-12-15,December,-0.17599999999999993,SHORT
MRK,2023-12-15,December,-0.1160000000000001,SHORT
ABBV,2023-12-15,December,0.08000000000000007,LONG
LLY,2023-12-15,December,-0.08800000000000008,SHORT
ABT,2023-12-15,December,-0.19199999999999995,SHORT
TMO,2023-12-15,December,-0.09200000000000008,SHORT
DHR,2023-12-15,December,-0.16399999999999992,SHORT
UNH,2023-12-15,December,-0.1120000000000001,SHORT
CVS,2023-12-15,December,-0.1080000000000001,SHORT
AMGN,2023-12-15,December,0.1120000000000001,LONG
GILD,2023-12-15,December,0.10000000000000009,LONG
ISRG,2023-12-15,December,0.18400000000000016,LONG
REGN,2023-12-15,December,0.14800000000000013,LONG
VRTX,2023-12-15,December,-0.09200000000000008,SHORT
MRNA,2023-12-15,December,0.15600000000000014,LONG
BIIB,2023-12-15,December,0.06000000000000005,LONG
BMY,2023-12-15,December,-0.12400000000000011,SHORT
MDT,2023-12-15,December,-0.136,SHORT
SYK,2023-12-15,December,-0.06400000000000006,SHORT
BSX,2023-12-15,December,-0.10400000000000009,SHORT
ZTS,2023-12-15,December,-0.02400000000000002,SHORT
DXCM,2023-12-15,December,0.14800000000000013,LONG
ILMN,2023-12-15,December,0.16400000000000015,LONG
IDXX,2023-12-15,December,-0.18399999999999994,SHORT
EW,2023-12-15,December,-0.028000000000000025,SHORT
HUM,2023-12-15,December,-0.1160000000000001,SHORT
CI,2023-12-15,December,-0.09200000000000008,SHORT
ANTM,2023-12-15,December,0.16400000000000015,LONG
CNC,2023-12-15,December,0.19600000000000017,LONG
BDX,2023-12-15,December,-0.16399999999999992,SHORT
BAX,2023-12-15,December,-0.17599999999999993,SHORT
PG,2023-12-15,December,-0.04800000000000004,SHORT
KO,2023-12-15,December,-0.03600000000000003,SHORT
PEP,2023-12-15,December,-0.136,SHORT
WMT,2023-12-15,December,-0.06000000000000005,SHORT
COST,2023-12-15,December,-0.19999999999999996,SHORT
HD,2023-12-15,December,-0.09200000000000008,SHORT
LOW,2023-12-15,December,-0.08400000000000007,SHORT
MCD,2023-12-15,December,0.19600000000000017,LONG
SBUX,2023-12-15,December,-0.16399999999999992,SHORT
NKE,2023-12-15,December,-0.16399999999999992,SHORT
DIS,2023-12-15,December,-0.15600000000000014,SHORT
CMCSA,2023-12-15,December,-0.016000000000000014,SHORT
TGT,2023-12-15,December,-0.09600000000000009,SHORT
BKNG,2023-12-15,December,0.1080000000000001,LONG
EXPE,2023-12-15,December,0.17200000000000015,LONG
MAR,2023-12-15,December,-0.15600000000000014,SHORT
HLT,2023-12-15,December,-0.12400000000000011,SHORT
YUM,2023-12-15,December,-0.04800000000000004,SHORT
QSR,2023-12-15,December,-0.06800000000000006,SHORT
MO,2023-12-15,December,-0.028000000000000025,SHORT
PM,2023-12-15,December,-0.02400000000000002,SHORT
KHC,2023-12-15,December,-0.19599999999999995,SHORT
GIS,2023-12-15,December,-0.14400000000000002,SHORT
K,2023-12-15,December,0.04800000000000004,LONG
CL,2023-12-15,December,-0.08000000000000007,SHORT
CLX,2023-12-15,December,-0.1280000000000001,SHORT
CHD,2023-12-15,December,0.17600000000000016,LONG
EL,2023-12-15,December,-0.07200000000000006,SHORT
ULTA,2023-12-15,December,0.18800000000000017,LONG
VFC,2023-12-15,December,-0.15999999999999992,SHORT
TPR,2023-12-15,December,-0.06800000000000006,SHORT
RL,2023-12-15,December,-0.020000000000000018,SHORT
GE,2023-12-15,December,-0.09200000000000008,SHORT
HON,2023-12-15,December,-0.136,SHORT
MMM,2023-12-15,December,-0.1280000000000001,SHORT
CAT,2023-12-15,December,-0.18799999999999994,SHORT
DE,2023-12-15,December,-0.10400000000000009,SHORT
BA,2023-12-15,December,-0.1280000000000001,SHORT
LMT,2023-12-15,December,-0.10400000000000009,SHORT
RTX,2023-12-15,December,-0.03600000000000003,SHORT
GD,2023-12-15,December,-0.09600000000000009,SHORT
NOC,2023-12-15,December,-0.15600000000000014,SHORT
UPS,2023-12-15,December,-0.06000000000000005,SHORT
FDX,2023-12-15,December,-0.14800000000000002,SHORT
UNP,2023-12-15,December,-0.08000000000000007,SHORT
CSX,2023-12-15,December,-0.10000000000000009,SHORT
NSC,2023-12-15,December,-0.14,SHORT
EMR,2023-12-15,December,-0.14,SHORT
ETN,2023-12-15,December,-0.1280000000000001,SHORT
PH,2023-12-15,December,-0.04400000000000004,SHORT
ITW,2023-12-15,December,-0.07600000000000007,SHORT
CMI,2023-12-15,December,-0.18399999999999994,SHORT
ROK,2023-12-15,December,-0.1080000000000001,SHORT
IR,2023-12-15,December,-0.03200000000000003,SHORT
DOV,2023-12-15,December,-0.1200000000000001,SHORT
SWK,2023-12-15,December,-0.07200000000000006,SHORT
URI,2023-12-15,December,-0.09200000000000008,SHORT
PCAR,2023-12-15,December,0.12400000000000011,LONG
WAB,2023-12-15,December,-0.17999999999999994,SHORT
XOM,2023-12-15,December,-0.07600000000000007,SHORT
CVX,2023-12-15,December,-0.08800000000000008,SHORT
COP,2023-12-15,December,-0.14800000000000002,SHORT
EOG,2023-12-15,December,-0.17599999999999993,SHORT
PXD,2023-12-15,December,-0.1080000000000001,SHORT
OXY,2023-12-15,December,-0.028000000000000025,SHORT
MPC,2023-12-15,December,-0.15600000000000014,SHORT
PSX,2023-12-15,December,-0.04800000000000004,SHORT
VLO,2023-12-15,December,-0.08800000000000008,SHORT
KMI,2023-12-15,December,-0.15200000000000014,SHORT
WMB,2023-12-15,December,-0.132,SHORT
ET,2023-12-15,December,-0.040000000000000036,SHORT
EPD,2023-12-15,December,-0.18399999999999994,SHORT
SLB,2023-12-15,December,-0.15200000000000014,SHORT
HAL,2023-12-15,December,-0.19999999999999996,SHORT
BKR,2023-12-15,December,-0.15999999999999992,SHORT
LIN,2023-12-15,December,-0.14400000000000002,SHORT
APD,2023-12-15,December,-0.19999999999999996,SHORT
SHW,2023-12-15,December,-0.08400000000000007,SHORT
FCX,2023-12-15,December,-0.15200000000000014,SHORT
NEM,2023-12-15,December,-0.15600000000000014,SHORT
GOLD,2023-12-15,December,0.12400000000000011,LONG
NUE,2023-12-15,December,-0.12400000000000011,SHORT
STLD,2023-12-15,December,0.19200000000000017,LONG
DOW,2023-12-15,December,-0.1160000000000001,SHORT
DD,2023-12-15,December,-0.1080000000000001,SHORT
ECL,2023-12-15,December,0.19600000000000017,LONG
PPG,2023-12-15,December,-0.1280000000000001,SHORT
ALB,2023-12-15,December,0.17600000000000016,LONG
CF,2023-12-15,December,-0.10400000000000009,SHORT
MOS,2023-12-15,December,-0.09600000000000009,SHORT
NEE,2023-12-15,December,-0.18799999999999994,SHORT
DUK,2023-12-15,December,-0.14,SHORT
SO,2023-12-15,December,-0.0040000000000000036,SHORT
D,2023-12-15,December,0.020000000000000018,LONG
AEP,2023-12-15,December,-0.19599999999999995,SHORT
EXC,2023-12-15,December,-0.15600000000000014,SHORT
SRE,2023-12-15,December,-0.1160000000000001,SHORT
PCG,2023-12-15,December,-0.17999999999999994,SHORT
ED,2023-12-15,December,-0.10400000000000009,SHORT
XEL,2023-12-15,December,-0.1200000000000001,SHORT
WEC,2023-12-15,December,-0.15999999999999992,SHORT
ES,2023-12-15,December,-0.04400000000000004,SHORT
PEG,2023-12-15,December,-0.17199999999999993,SHORT
DTE,2023-12-15,December,-0.16799999999999993,SHORT
FE,2023-12-15,December,-0.09600000000000009,SHORT
AMT,2023-12-15,December,-0.14800000000000002,SHORT
CCI,2023-12-15,December,0.17600000000000016,LONG
EQIX,2023-12-15,December,0.19200000000000017,LONG
PLD,2023-12-15,December,-0.15600000000000014,SHORT
PSA,2023-12-15,December,-0.14,SHORT
WELL,2023-12-15,December,0.18000000000000016,LONG
AVB,2023-12-15,December,-0.18399999999999994,SHORT
EQR,2023-12-15,December,-0.12400000000000011,SHORT
DLR,2023-12-15,December,-0.14800000000000002,SHORT
O,2023-12-15,December,0.06400000000000006,LONG
SPG,2023-12-15,December,-0.1160000000000001,SHORT
VICI,2023-12-15,December,0.14400000000000013,LONG
T,2023-12-15,December,0.08400000000000007,LONG
VZ,2023-12-15,December,0.052000000000000046,LONG
TMUS,2023-12-15,December,-0.136,SHORT
CHTR,2023-12-15,December,0.16800000000000015,LONG
EA,2023-12-15,December,-0.1160000000000001,SHORT
ATVI,2023-12-15,December,0.18000000000000016,LONG
TTWO,2023-12-15,December,-0.1160000000000001,SHORT
MTCH,2023-12-15,December,0.14800000000000013,LONG
PINS,2023-12-15,December,-0.19599999999999995,SHORT
SNAP,2023-12-15,December,0.17200000000000015,LONG
TWTR,2023-12-15,December,-0.10400000000000009,SHORT
SHOP,2023-12-15,December,-0.19599999999999995,SHORT
SQ,2023-12-15,December,0.0040000000000000036,LONG
ROKU,2023-12-15,December,-0.16799999999999993,SHORT
ZM,2023-12-15,December,0.016000000000000014,LONG
DOCU,2023-12-15,December,0.14400000000000013,LONG
TWLO,2023-12-15,December,-0.14800000000000002,SHORT
ABNB,2023-12-15,December,0.04800000000000004,LONG
DASH,2023-12-15,December,0.10000000000000009,LONG
UBER,2023-12-15,December,0.15600000000000014,LONG
LYFT,2023-12-15,December,-0.17599999999999993,SHORT
RBLX,2023-12-15,December,0.19600000000000017,LONG
U,2023-12-15,December,0.08800000000000008,LONG
PLTR,2023-12-15,December,-0.16399999999999992,SHORT
COIN,2023-12-15,December,0.13600000000000012,LONG
RIVN,2023-12-15,December,-0.17599999999999993,SHORT
LCID,2023-12-15,December,0.08400000000000007,LONG
NIO,2023-12-15,December,-0.132,SHORT
XPEV,2023-12-15,December,-0.15999999999999992,SHORT
LI,2023-12-15,December,-0.05600000000000005,SHORT
BABA,2023-12-15,December,-0.0040000000000000036,SHORT
JD,2023-12-15,December,-0.08400000000000007,SHORT
PDD,2023-12-15,December,-0.18799999999999994,SHORT
BIDU,2023-12-15,December,0.1160000000000001,LONG
MELI,2023-12-15,December,0.1280000000000001,LONG
SE,2023-12-15,December,-0.04400000000000004,SHORT
CPNG,2023-12-15,December,0.13200000000000012,LONG
DIDI,2023-12-15,December,0.07600000000000007,LONG
AI,2023-12-15,December,-0.10000000000000009,SHORT
PATH,2023-12-15,December,0.15200000000000014,LONG
BRK.B,2023-12-15,December,-0.1120000000000001,SHORT
WBA,2023-12-15,December,-0.17999999999999994,SHORT
MDLZ,2023-12-15,December,0.19200000000000017,LONG
GM,2023-12-15,December,-0.06000000000000005,SHORT
F,2023-12-15,December,0.028000000000000025,LONG
DAL,2023-12-15,December,0.18400000000000016,LONG
UAL,2023-12-15,December,-0.14800000000000002,SHORT
AAL,2023-12-15,December,0.17200000000000015,LONG
LUV,2023-12-15,December,-0.06400000000000006,SHORT
CCL,2023-12-15,December,0.18800000000000017,LONG
RCL,2023-12-15,December,-0.15200000000000014,SHORT
NCLH,2023-12-15,December,0.1200000000000001,LONG
MGM,2023-12-15,December,-0.15200000000000014,SHORT
WYNN,2023-12-15,December,-0.12400000000000011,SHORT
LVS,2023-12-15,December,-0.07200000000000006,SHORT
ETSY,2023-12-15,December,-0.15200000000000014,SHORT
FTNT,2023-12-15,December,-0.18799999999999994,SHORT
HUBS,2023-12-15,December,0.17200000000000015,LONG
TTD,2023-12-15,December,-0.1080000000000001,SHORT
BILL,2023-12-15,December,0.1120000000000001,LONG
DKNG,2023-12-15,December,0.1160000000000001,LONG
PENN,2023-12-15,December,0.16800000000000015,LONG
PTON,2023-12-15,December,-0.16799999999999993,SHORT
Z,2023-12-15,December,0.1080000000000001,LONG
UPST,2023-12-15,December,-0.12400000000000011,SHORT
AFRM,2023-12-15,December,0.12400000000000011,LONG
SOFI,2023-12-15,December,0.16800000000000015,LONG
HOOD,2023-12-15,December,0.14000000000000012,LONG
MSTR,2023-12-15,December,-0.14800000000000002,SHORT
RIOT,2023-12-15,December,-0.17999999999999994,SHORT
MARA,2023-12-15,December,0.10400000000000009,LONG
TDOC,2023-12-15,December,0.14000000000000012,LONG
CRISPR,2023-12-15,December,0.016000000000000014,LONG
EXAS,2023-12-15,December,0.16800000000000015,LONG
NVAX,2023-12-15,December,-0.18399999999999994,SHORT
SRPT,2023-12-15,December,-0.136,SHORT
SGEN,2023-12-15,December,0.15200000000000014,LONG
ENPH,2023-12-15,December,0.14400000000000013,LONG
SEDG,2023-12-15,December,0.1120000000000001,LONG
RUN,2023-12-15,December,-0.07200000000000006,SHORT
FSLR,2023-12-15,December,0.19200000000000017,LONG
PLUG,2023-12-15,December,0.19600000000000017,LONG
CHPT,2023-12-15,December,0.16000000000000014,LONG
BLNK,2023-12-15,December,0.1280000000000001,LONG
ALB,2023-12-15,December,0.17600000000000016,LONG
MP,2023-12-15,December,-0.02400000000000002,SHORT
PANW,2023-12-15,December,0.18800000000000017,LONG
FTNT,2023-12-15,December,-0.18799999999999994,SHORT
CRWD,2023-12-15,December,0.16400000000000015,LONG
ZS,2023-12-15,December,0.040000000000000036,LONG
OKTA,2023-12-15,December,0.16000000000000014,LONG
NET,2023-12-15,December,-0.1280000000000001,SHORT
S,2023-12-15,December,0.08000000000000007,LONG
ASML,2023-12-15,December,0.15200000000000014,LONG
LRCX,2023-12-15,December,-0.19999999999999996,SHORT
AMAT,2023-12-15,December,0.1120000000000001,LONG
KLAC,2023-12-15,December,0.08000000000000007,LONG
TER,2023-12-15,December,-0.1120000000000001,SHORT
TSM,2023-12-15,December,-0.07600000000000007,SHORT
ASML,2023-12-15,December,0.15200000000000014,LONG
TM,2023-12-15,December,-0.008000000000000007,SHORT
SONY,2023-12-15,December,-0.136,SHORT
BABA,2023-12-15,December,-0.0040000000000000036,SHORT
JD,2023-12-15,December,-0.08400000000000007,SHORT
PDD,2023-12-15,December,-0.18799999999999994,SHORT
BIDU,2023-12-15,December,0.1160000000000001,LONG
NIO,2023-12-15,December,-0.132,SHORT
XPEV,2023-12-15,December,-0.15999999999999992,SHORT
LI,2023-12-15,December,-0.05600000000000005,SHORT
TCEHY,2023-12-15,December,0.07200000000000006,LONG
NTES,2023-12-15,December,-0.19599999999999995,SHORT
BILI,2023-12-15,December,0.10000000000000009,LONG
SE,2023-12-15,December,-0.04400000000000004,SHORT
SHOP,2023-12-15,December,-0.19599999999999995,SHORT
SAP,2023-12-15,December,-0.14,SHORT
AZN,2023-12-15,December,-0.1200000000000001,SHORT
GSK,2023-12-15,December,-0.136,SHORT
NVO,2023-12-15,December,-0.08000000000000007,SHORT
RIO,2023-12-15,December,-0.1160000000000001,SHORT
BHP,2023-12-15,December,-0.17999999999999994,SHORT
BP,2023-12-15,December,-0.06800000000000006,SHORT
TOT,2023-12-15,December,-0.06400000000000006,SHORT
HSBC,2023-12-15,December,0.10000000000000009,LONG
UBS,2023-12-15,December,-0.1160000000000001,SHORT
DB,2023-12-15,December,-0.1160000000000001,SHORT
CS,2023-12-15,December,-0.052000000000000046,SHORT
BTI,2023-12-15,December,-0.15999999999999992,SHORT
DEO,2023-12-15,December,-0.18799999999999994,SHORT
UN,2023-12-15,December,0.0,LONG
UL,2023-12-15,December,-0.008000000000000007,SHORT
